enhancedWeatherDescription,extendedWeatherType,feelsLikeTemperatureC,feelsLikeTemperatureF,gustSpeedKph,gustSpeedMph,humidity,localDate,precipitationProbabilityInPercent,precipitationProbabilityText,pressure,temperatureC,temperatureF,timeslot,timeslotLength,visibility,weatherType,weatherTypeText,windDescription,windDirection,windDirectionAbbreviation,windDirectionFull,windSpeedKph,windSpeedMph,issueDate,lastUpdated,location_id,location_name
Light cloud and a gentle breeze,7,13,55,25,15,67,2023-05-24,0,Precipitation is not expected,1029,13,56,10:00,1,Good,7,Light Cloud,A gentle breeze from the west north west,WNW,WNW,West North Westerly,15,9,2023-05-23T22:52:00+01:00,2023-05-24T09:01:13.711+01:00,2655984,Belfast
Light cloud and a gentle breeze,7,14,57,25,15,63,2023-05-24,0,Precipitation is not expected,1029,14,58,11:00,1,Good,7,Light Cloud,A gentle breeze from the west north west,WNW,WNW,West North Westerly,15,9,2023-05-23T22:52:00+01:00,2023-05-24T09:01:13.711+01:00,2655984,Belfast
Light cloud and a gentle breeze,7,15,59,25,15,63,2023-05-24,0,Precipitation is not expected,1029,15,59,12:00,1,Good,7,Light Cloud,A gentle breeze from the west north west,WNW,WNW,West North Westerly,16,10,2023-05-23T22:52:00+01:00,2023-05-24T09:01:13.711+01:00,2655984,Belfast
Light cloud and a gentle breeze,7,16,60,25,15,63,2023-05-24,0,Precipitation is not expected,1029,16,60,13:00,1,Good,7,Light Cloud,A gentle breeze from the north west,NW,NW,North Westerly,14,9,2023-05-23T22:52:00+01:00,2023-05-24T09:01:13.711+01:00,2655984,Belfast
Thick cloud and a gentle breeze,8,16,61,27,17,65,2023-05-24,0,Precipitation is not expected,1029,16,60,14:00,1,Good,8,Thick Cloud,A gentle breeze from the north west,NW,NW,North Westerly,14,9,2023-05-23T22:52:00+01:00,2023-05-24T09:01:13.711+01:00,2655984,Belfast
Light cloud and a gentle breeze,7,16,61,27,17,66,2023-05-24,0,Precipitation is not expected,1029,16,61,15:00,1,Good,7,Light Cloud,A gentle breeze from the north west,NW,NW,North Westerly,14,9,2023-05-23T22:52:00+01:00,2023-05-24T09:01:13.711+01:00,2655984,Belfast
Thick cloud and a gentle breeze,8,16,61,29,18,67,2023-05-24,0,Precipitation is not expected,1030,16,61,16:00,1,Good,8,Thick Cloud,A gentle breeze from the north west,NW,NW,North Westerly,15,9,2023-05-23T22:52:00+01:00,2023-05-24T09:01:13.711+01:00,2655984,Belfast
Light cloud and a gentle breeze,7,16,61,27,17,67,2023-05-24,0,Precipitation is not expected,1030,16,61,17:00,1,Good,7,Light Cloud,A gentle breeze from the north west,NW,NW,North Westerly,15,9,2023-05-23T22:52:00+01:00,2023-05-24T09:01:13.711+01:00,2655984,Belfast
Light cloud and a gentle breeze,7,15,60,27,17,69,2023-05-24,0,Precipitation is not expected,1030,15,59,18:00,1,Good,7,Light Cloud,A gentle breeze from the north west,NW,NW,North Westerly,16,10,2023-05-23T22:52:00+01:00,2023-05-24T09:01:13.711+01:00,2655984,Belfast
Sunny intervals and a gentle breeze,3,15,59,25,15,69,2023-05-24,0,Precipitation is not expected,1030,15,59,19:00,1,Good,3,Sunny Intervals,A gentle breeze from the north north west,NNW,NNW,North North Westerly,16,10,2023-05-23T22:52:00+01:00,2023-05-24T09:01:13.711+01:00,2655984,Belfast
Sunny intervals and a gentle breeze,3,14,57,23,14,71,2023-05-24,0,Precipitation is not expected,1030,14,57,20:00,1,Good,3,Sunny Intervals,A gentle breeze from the north north west,NNW,NNW,North North Westerly,15,9,2023-05-23T22:52:00+01:00,2023-05-24T09:01:13.711+01:00,2655984,Belfast
Sunny and a gentle breeze,1,13,56,20,13,70,2023-05-24,0,Precipitation is not expected,1031,13,56,21:00,1,Good,1,Sunny,A gentle breeze from the north north west,NNW,NNW,North North Westerly,13,8,2023-05-23T22:52:00+01:00,2023-05-24T09:01:13.711+01:00,2655984,Belfast
A clear sky and light winds,0,11,53,19,12,76,2023-05-24,0,Precipitation is not expected,1031,12,54,22:00,1,Good,0,Clear Sky,Light winds from the north north west,NNW,NNW,North North Westerly,12,7,2023-05-23T22:52:00+01:00,2023-05-24T09:01:13.711+01:00,2655984,Belfast
A clear sky and light winds,0,11,51,16,10,79,2023-05-24,0,Precipitation is not expected,1032,11,52,23:00,1,Good,0,Clear Sky,Light winds from the north,N,N,Northerly,11,7,2023-05-23T22:52:00+01:00,2023-05-24T09:01:13.711+01:00,2655984,Belfast
A clear sky and light winds,0,9,49,15,9,84,2023-05-25,0,Precipitation is not expected,1032,10,50,00:00,1,Good,0,Clear Sky,Light winds from the north north west,NNW,NNW,North North Westerly,9,6,2023-05-23T22:52:00+01:00,2023-05-24T09:01:13.711+01:00,2655984,Belfast
A clear sky and light winds,0,9,48,13,8,83,2023-05-25,0,Precipitation is not expected,1032,10,50,01:00,1,Moderate,0,Clear Sky,Light winds from the north north west,NNW,NNW,North North Westerly,9,5,2023-05-23T22:52:00+01:00,2023-05-24T09:01:13.711+01:00,2655984,Belfast
A clear sky and light winds,0,9,49,12,7,85,2023-05-25,0,Precipitation is not expected,1032,9,49,02:00,1,Moderate,0,Clear Sky,Light winds from the north north west,NNW,NNW,North North Westerly,7,5,2023-05-23T22:52:00+01:00,2023-05-24T09:01:13.711+01:00,2655984,Belfast
A clear sky and light winds,0,8,47,10,6,85,2023-05-25,0,Precipitation is not expected,1032,9,48,03:00,1,Moderate,0,Clear Sky,Light winds from the north north west,NNW,NNW,North North Westerly,8,5,2023-05-23T22:52:00+01:00,2023-05-24T09:01:13.711+01:00,2655984,Belfast
A clear sky and light winds,0,8,46,14,9,86,2023-05-25,0,Precipitation is not expected,1032,9,47,04:00,1,Moderate,0,Clear Sky,Light winds from the north north west,NNW,NNW,North North Westerly,8,5,2023-05-23T22:52:00+01:00,2023-05-24T09:01:13.711+01:00,2655984,Belfast
A clear sky and light winds,0,7,45,16,10,88,2023-05-25,0,Precipitation is not expected,1032,8,47,05:00,1,Moderate,0,Clear Sky,Light winds from the north west,NW,NW,North Westerly,8,5,2023-05-23T22:52:00+01:00,2023-05-24T09:01:13.711+01:00,2655984,Belfast
Sunny and light winds,1,9,48,22,14,87,2023-05-25,0,Precipitation is not expected,1032,9,48,06:00,1,Moderate,1,Sunny,Light winds from the north west,NW,NW,North Westerly,7,4,2023-05-23T22:52:00+01:00,2023-05-24T09:01:13.711+01:00,2655984,Belfast
Sunny and light winds,1,9,48,23,14,84,2023-05-25,0,Precipitation is not expected,1033,10,49,07:00,1,Good,1,Sunny,Light winds from the north west,NW,NW,North Westerly,8,5,2023-05-23T22:52:00+01:00,2023-05-24T09:01:13.711+01:00,2655984,Belfast
Sunny and light winds,1,10,50,24,15,78,2023-05-25,0,Precipitation is not expected,1033,11,52,08:00,1,Good,1,Sunny,Light winds from the north west,NW,NW,North Westerly,12,7,2023-05-23T22:52:00+01:00,2023-05-24T09:01:13.711+01:00,2655984,Belfast
Sunny intervals and a gentle breeze,3,11,53,26,16,71,2023-05-25,0,Precipitation is not expected,1033,12,54,09:00,1,Good,3,Sunny Intervals,A gentle breeze from the north west,NW,NW,North Westerly,14,9,2023-05-23T22:52:00+01:00,2023-05-24T09:01:13.711+01:00,2655984,Belfast
Sunny intervals and a gentle breeze,3,13,55,27,17,64,2023-05-25,0,Precipitation is not expected,1034,14,57,10:00,1,Good,3,Sunny Intervals,A gentle breeze from the north north west,NNW,NNW,North North Westerly,16,10,2023-05-23T22:52:00+01:00,2023-05-24T09:01:13.711+01:00,2655984,Belfast
Sunny intervals and a gentle breeze,3,14,57,27,17,60,2023-05-25,0,Precipitation is not expected,1034,14,58,11:00,1,Good,3,Sunny Intervals,A gentle breeze from the north north west,NNW,NNW,North North Westerly,16,10,2023-05-23T22:52:00+01:00,2023-05-24T09:01:13.711+01:00,2655984,Belfast
Sunny intervals and a gentle breeze,3,15,59,28,17,58,2023-05-25,0,Precipitation is not expected,1034,15,60,12:00,1,Good,3,Sunny Intervals,A gentle breeze from the north west,NW,NW,North Westerly,16,10,2023-05-23T22:52:00+01:00,2023-05-24T09:01:13.711+01:00,2655984,Belfast
Sunny intervals and a gentle breeze,3,16,60,29,18,57,2023-05-25,0,Precipitation is not expected,1034,16,61,13:00,1,Good,3,Sunny Intervals,A gentle breeze from the north north west,NNW,NNW,North North Westerly,15,9,2023-05-23T22:52:00+01:00,2023-05-24T09:01:13.711+01:00,2655984,Belfast
Sunny intervals and a gentle breeze,3,16,61,27,17,58,2023-05-25,0,Precipitation is not expected,1034,16,61,14:00,1,Good,3,Sunny Intervals,A gentle breeze from the north north west,NNW,NNW,North North Westerly,14,9,2023-05-23T22:52:00+01:00,2023-05-24T09:01:13.711+01:00,2655984,Belfast
Sunny intervals and a gentle breeze,3,16,61,27,17,58,2023-05-25,0,Precipitation is not expected,1033,16,61,15:00,1,Good,3,Sunny Intervals,A gentle breeze from the north north west,NNW,NNW,North North Westerly,15,9,2023-05-23T22:52:00+01:00,2023-05-24T09:01:13.711+01:00,2655984,Belfast
Sunny intervals and a gentle breeze,3,16,61,27,17,59,2023-05-25,0,Precipitation is not expected,1033,16,61,16:00,1,Good,3,Sunny Intervals,A gentle breeze from the north north west,NNW,NNW,North North Westerly,16,10,2023-05-23T22:52:00+01:00,2023-05-24T09:01:13.711+01:00,2655984,Belfast
Sunny intervals and a gentle breeze,3,16,61,28,17,59,2023-05-25,0,Precipitation is not expected,1034,16,61,17:00,1,Good,3,Sunny Intervals,A gentle breeze from the north north west,NNW,NNW,North North Westerly,15,9,2023-05-23T22:52:00+01:00,2023-05-24T09:01:13.711+01:00,2655984,Belfast
Sunny intervals and a gentle breeze,3,15,59,27,17,62,2023-05-25,0,Precipitation is not expected,1034,15,59,18:00,1,Good,3,Sunny Intervals,A gentle breeze from the north north west,NNW,NNW,North North Westerly,17,10,2023-05-23T22:52:00+01:00,2023-05-24T09:01:13.711+01:00,2655984,Belfast
Sunny and a gentle breeze,1,15,58,24,15,62,2023-05-25,0,Precipitation is not expected,1034,15,59,19:00,1,Good,1,Sunny,A gentle breeze from the north north west,NNW,NNW,North North Westerly,16,10,2023-05-23T22:52:00+01:00,2023-05-24T09:01:13.711+01:00,2655984,Belfast
Sunny and a gentle breeze,1,13,56,22,14,66,2023-05-25,0,Precipitation is not expected,1034,14,57,20:00,1,Good,1,Sunny,A gentle breeze from the north north west,NNW,NNW,North North Westerly,15,9,2023-05-23T22:52:00+01:00,2023-05-24T09:01:13.711+01:00,2655984,Belfast
Sunny and a gentle breeze,1,13,54,20,12,67,2023-05-25,0,Precipitation is not expected,1034,13,56,21:00,1,Good,1,Sunny,A gentle breeze from the north north west,NNW,NNW,North North Westerly,13,8,2023-05-23T22:52:00+01:00,2023-05-24T09:01:13.711+01:00,2655984,Belfast
A clear sky and light winds,0,11,51,21,13,75,2023-05-25,0,Precipitation is not expected,1034,11,53,22:00,1,Good,0,Clear Sky,Light winds from the north north west,NNW,NNW,North North Westerly,12,7,2023-05-23T22:52:00+01:00,2023-05-24T09:01:13.711+01:00,2655984,Belfast
A clear sky and light winds,0,10,50,16,10,78,2023-05-25,0,Precipitation is not expected,1034,11,52,23:00,1,Good,0,Clear Sky,Light winds from the north,N,N,Northerly,11,7,2023-05-23T22:52:00+01:00,2023-05-24T09:01:13.711+01:00,2655984,Belfast
A clear sky and light winds,0,9,48,13,8,82,2023-05-26,0,Precipitation is not expected,1034,10,49,00:00,1,Moderate,0,Clear Sky,Light winds from the north north west,NNW,NNW,North North Westerly,9,6,2023-05-23T22:52:00+01:00,2023-05-24T09:01:13.711+01:00,2655984,Belfast
A clear sky and light winds,0,9,47,12,8,82,2023-05-26,0,Precipitation is not expected,1034,9,49,01:00,1,Moderate,0,Clear Sky,Light winds from the north north west,NNW,NNW,North North Westerly,9,6,2023-05-23T22:52:00+01:00,2023-05-24T09:01:13.711+01:00,2655984,Belfast
A clear sky and light winds,0,9,48,10,6,82,2023-05-26,0,Precipitation is not expected,1035,9,49,02:00,1,Moderate,0,Clear Sky,Light winds from the north north west,NNW,NNW,North North Westerly,8,5,2023-05-23T22:52:00+01:00,2023-05-24T09:01:13.711+01:00,2655984,Belfast
A clear sky and light winds,0,8,47,10,6,82,2023-05-26,0,Precipitation is not expected,1035,9,48,03:00,1,Moderate,0,Clear Sky,Light winds from the north,N,N,Northerly,8,5,2023-05-23T22:52:00+01:00,2023-05-24T09:01:13.711+01:00,2655984,Belfast
A clear sky and light winds,0,8,46,12,7,82,2023-05-26,0,Precipitation is not expected,1035,9,48,04:00,1,Moderate,0,Clear Sky,Not available,-99,-99,Direction not available,8,5,2023-05-23T22:52:00+01:00,2023-05-24T09:01:13.711+01:00,2655984,Belfast
A clear sky and light winds,0,8,46,15,9,84,2023-05-26,0,Precipitation is not expected,1035,9,47,05:00,1,Moderate,0,Clear Sky,Light winds from the north,N,N,Northerly,8,5,2023-05-23T22:52:00+01:00,2023-05-24T09:01:13.711+01:00,2655984,Belfast
Sunny and light winds,1,9,48,18,11,85,2023-05-26,0,Precipitation is not expected,1035,9,48,06:00,1,Good,1,Sunny,Light winds from the north,N,N,Northerly,7,4,2023-05-23T22:52:00+01:00,2023-05-24T09:01:13.711+01:00,2655984,Belfast
Sunny and light winds,1,9,49,16,10,85,2023-05-26,0,Precipitation is not expected,1036,9,49,07:00,1,Good,1,Sunny,Light winds from the north,N,N,Northerly,7,4,2023-05-23T22:52:00+01:00,2023-05-24T09:01:13.711+01:00,2655984,Belfast
Sunny and light winds,1,11,51,15,9,79,2023-05-26,0,Precipitation is not expected,1036,11,52,08:00,1,Good,1,Sunny,Light winds from the north,N,N,Northerly,8,5,2023-05-23T22:52:00+01:00,2023-05-24T09:01:13.711+01:00,2655984,Belfast
Sunny and light winds,1,13,55,13,8,72,2023-05-26,0,Precipitation is not expected,1036,13,55,09:00,1,Good,1,Sunny,Light winds from the north,N,N,Northerly,8,5,2023-05-23T22:52:00+01:00,2023-05-24T09:01:13.711+01:00,2655984,Belfast
Sunny and light winds,1,14,57,13,8,65,2023-05-26,0,Precipitation is not expected,1036,14,58,10:00,1,Good,1,Sunny,Light winds from the north north east,NNE,NNE,North North Easterly,9,6,2023-05-23T22:52:00+01:00,2023-05-24T09:01:13.711+01:00,2655984,Belfast
Sunny and light winds,1,15,59,12,7,61,2023-05-26,0,Precipitation is not expected,1036,15,59,11:00,1,Good,1,Sunny,Light winds from the north east,NE,NE,North Easterly,9,6,2023-05-23T22:52:00+01:00,2023-05-24T09:01:13.711+01:00,2655984,Belfast
Sunny and light winds,1,16,61,11,7,60,2023-05-26,0,Precipitation is not expected,1035,16,61,12:00,1,Good,1,Sunny,Light winds from the north east,NE,NE,North Easterly,10,6,2023-05-23T22:52:00+01:00,2023-05-24T09:01:13.711+01:00,2655984,Belfast
Sunny and light winds,1,17,63,11,7,59,2023-05-26,0,Precipitation is not expected,1035,17,63,13:00,1,Good,1,Sunny,Light winds from the east north east,ENE,ENE,East North Easterly,9,5,2023-05-23T22:52:00+01:00,2023-05-24T09:01:13.711+01:00,2655984,Belfast
Sunny and light winds,1,18,64,11,7,58,2023-05-26,0,Precipitation is not expected,1035,17,63,14:00,1,Good,1,Sunny,Light winds from the east north east,ENE,ENE,East North Easterly,8,5,2023-05-23T22:52:00+01:00,2023-05-24T09:01:13.711+01:00,2655984,Belfast
Sunny and light winds,1,18,65,11,7,56,2023-05-26,0,Precipitation is not expected,1035,18,64,15:00,1,Good,1,Sunny,Light winds from the east north east,ENE,ENE,East North Easterly,9,5,2023-05-23T22:52:00+01:00,2023-05-24T09:01:13.711+01:00,2655984,Belfast
Sunny and light winds,1,18,65,10,6,56,2023-05-26,0,Precipitation is not expected,1034,18,64,16:00,1,Good,1,Sunny,Light winds from the east north east,ENE,ENE,East North Easterly,9,6,2023-05-23T22:52:00+01:00,2023-05-24T09:01:13.711+01:00,2655984,Belfast
Sunny and light winds,1,18,65,10,6,56,2023-05-26,0,Precipitation is not expected,1034,18,64,17:00,1,Good,1,Sunny,Light winds from the east north east,ENE,ENE,East North Easterly,9,5,2023-05-23T22:52:00+01:00,2023-05-24T09:01:13.711+01:00,2655984,Belfast
Sunny and light winds,1,17,63,10,6,59,2023-05-26,0,Precipitation is not expected,1034,17,63,18:00,1,Good,1,Sunny,Light winds from the east,E,E,Easterly,9,6,2023-05-23T22:52:00+01:00,2023-05-24T09:01:13.711+01:00,2655984,Belfast
Sunny and light winds,1,17,62,9,6,60,2023-05-26,0,Precipitation is not expected,1033,17,62,19:00,1,Good,1,Sunny,Light winds from the east,E,E,Easterly,9,5,2023-05-23T22:52:00+01:00,2023-05-24T09:01:13.711+01:00,2655984,Belfast
Sunny and light winds,1,15,60,7,4,65,2023-05-26,0,Precipitation is not expected,1033,15,59,20:00,1,Good,1,Sunny,Light winds from the east,E,E,Easterly,8,5,2023-05-23T22:52:00+01:00,2023-05-24T09:01:13.711+01:00,2655984,Belfast
Sunny and light winds,1,14,58,7,4,69,2023-05-26,0,Precipitation is not expected,1033,14,57,21:00,1,Good,1,Sunny,Light winds from the east,E,E,Easterly,6,4,2023-05-23T22:52:00+01:00,2023-05-24T09:01:13.711+01:00,2655984,Belfast
A clear sky and light winds,0,13,55,5,3,76,2023-05-26,0,Precipitation is not expected,1033,12,54,22:00,1,Moderate,0,Clear Sky,Light winds from the east,E,E,Easterly,6,4,2023-05-23T22:52:00+01:00,2023-05-24T09:01:13.711+01:00,2655984,Belfast
A clear sky and light winds,0,12,54,4,2,79,2023-05-26,0,Precipitation is not expected,1033,12,54,23:00,1,Moderate,0,Clear Sky,Light winds from the east,E,E,Easterly,5,3,2023-05-23T22:52:00+01:00,2023-05-24T09:01:13.711+01:00,2655984,Belfast
A clear sky and light winds,0,11,52,4,2,82,2023-05-27,0,Precipitation is not expected,1033,11,52,00:00,1,Moderate,0,Clear Sky,Light winds from the east,E,E,Easterly,3,2,2023-05-23T22:52:00+01:00,2023-05-24T09:01:13.711+01:00,2655984,Belfast
A clear sky and light winds,0,11,52,5,3,81,2023-05-27,0,Precipitation is not expected,1032,11,52,01:00,1,Poor,0,Clear Sky,Light winds from the east,E,E,Easterly,3,2,2023-05-23T22:52:00+01:00,2023-05-24T09:01:13.711+01:00,2655984,Belfast
A clear sky and light winds,0,11,51,5,3,84,2023-05-27,0,Precipitation is not expected,1032,11,51,02:00,1,Poor,0,Clear Sky,Light winds from the east south east,ESE,ESE,East South Easterly,3,2,2023-05-23T22:52:00+01:00,2023-05-24T09:01:13.711+01:00,2655984,Belfast
A clear sky and light winds,0,10,50,6,4,83,2023-05-27,0,Precipitation is not expected,1031,10,50,03:00,1,Poor,0,Clear Sky,Light winds from the south east,SE,SE,South Easterly,4,2,2023-05-23T22:52:00+01:00,2023-05-24T09:01:13.711+01:00,2655984,Belfast
A clear sky and light winds,0,10,50,7,4,83,2023-05-27,0,Precipitation is not expected,1031,10,50,04:00,1,Poor,0,Clear Sky,Light winds from the south south east,SSE,SSE,South South Easterly,5,3,2023-05-23T22:52:00+01:00,2023-05-24T09:01:13.711+01:00,2655984,Belfast
A clear sky and light winds,0,10,50,8,5,85,2023-05-27,0,Precipitation is not expected,1031,10,50,05:00,1,Moderate,0,Clear Sky,Light winds from the south,S,S,Southerly,5,3,2023-05-23T22:52:00+01:00,2023-05-24T09:01:13.711+01:00,2655984,Belfast
Sunny and light winds,1,10,51,8,5,86,2023-05-27,0,Precipitation is not expected,1030,10,51,06:00,1,Moderate,1,Sunny,Light winds from the south south west,SSW,SSW,South South Westerly,4,2,2023-05-23T22:52:00+01:00,2023-05-24T09:01:13.711+01:00,2655984,Belfast
Sunny and light winds,1,11,52,11,7,86,2023-05-27,0,Precipitation is not expected,1030,11,52,07:00,1,Moderate,1,Sunny,Light winds from the south,S,S,Southerly,5,3,2023-05-23T22:52:00+01:00,2023-05-24T09:01:13.711+01:00,2655984,Belfast
Sunny and light winds,1,13,56,14,9,81,2023-05-27,0,Precipitation is not expected,1030,13,55,08:00,1,Good,1,Sunny,Light winds from the south south west,SSW,SSW,South South Westerly,5,3,2023-05-23T22:52:00+01:00,2023-05-24T09:01:13.711+01:00,2655984,Belfast
Sunny and light winds,1,15,59,15,9,74,2023-05-27,0,Precipitation is not expected,1030,15,58,09:00,1,Good,1,Sunny,Light winds from the south west,SW,SW,South Westerly,7,4,2023-05-23T22:52:00+01:00,2023-05-24T09:01:13.711+01:00,2655984,Belfast
Sunny and light winds,1,17,63,15,9,63,2023-05-27,0,Precipitation is not expected,1029,16,61,10:00,1,Good,1,Sunny,Light winds from the south west,SW,SW,South Westerly,8,5,2023-05-23T22:52:00+01:00,2023-05-24T09:01:13.711+01:00,2655984,Belfast
Sunny and light winds,1,18,65,16,10,60,2023-05-27,0,Precipitation is not expected,1029,17,63,11:00,1,Good,1,Sunny,Light winds from the west south west,WSW,WSW,West South Westerly,8,5,2023-05-23T22:52:00+01:00,2023-05-24T09:01:13.711+01:00,2655984,Belfast
Sunny and light winds,1,19,67,16,10,58,2023-05-27,0,Precipitation is not expected,1029,18,65,12:00,1,Good,1,Sunny,Light winds from the west south west,WSW,WSW,West South Westerly,9,6,2023-05-23T22:52:00+01:00,2023-05-24T09:01:13.711+01:00,2655984,Belfast
Sunny and light winds,1,20,69,17,11,57,2023-05-27,0,Precipitation is not expected,1028,19,67,13:00,1,Good,1,Sunny,Light winds from the west south west,WSW,WSW,West South Westerly,9,5,2023-05-23T22:52:00+01:00,2023-05-24T09:01:13.711+01:00,2655984,Belfast
Sunny intervals and light winds,3,20,68,18,11,58,2023-05-27,0,Precipitation is not expected,1028,19,66,14:00,1,Good,3,Sunny Intervals,Light winds from the west south west,WSW,WSW,West South Westerly,9,6,2023-05-23T22:52:00+01:00,2023-05-24T09:01:13.711+01:00,2655984,Belfast
Sunny intervals and light winds,3,20,68,19,12,59,2023-05-27,0,Precipitation is not expected,1028,19,66,15:00,1,Good,3,Sunny Intervals,Light winds from the west south west,WSW,WSW,West South Westerly,10,6,2023-05-23T22:52:00+01:00,2023-05-24T09:01:13.711+01:00,2655984,Belfast
Sunny intervals and light winds,3,20,68,19,12,60,2023-05-27,0,Precipitation is not expected,1027,19,66,16:00,1,Good,3,Sunny Intervals,Light winds from the west south west,WSW,WSW,West South Westerly,10,6,2023-05-23T22:52:00+01:00,2023-05-24T09:01:13.711+01:00,2655984,Belfast
Sunny intervals and light winds,3,20,67,19,12,61,2023-05-27,0,Precipitation is not expected,1027,19,65,17:00,1,Good,3,Sunny Intervals,Light winds from the north north west,NNW,NNW,North North Westerly,10,6,2023-05-23T22:52:00+01:00,2023-05-24T09:01:13.711+01:00,2655984,Belfast
Sunny intervals and light winds,3,18,65,19,12,65,2023-05-27,0,Precipitation is not expected,1027,17,63,18:00,1,Good,3,Sunny Intervals,Light winds from the north north east,NNE,NNE,North North Easterly,12,7,2023-05-23T22:52:00+01:00,2023-05-24T09:01:13.711+01:00,2655984,Belfast
Sunny intervals and light winds,3,17,63,16,10,66,2023-05-27,0,Precipitation is not expected,1027,17,62,19:00,1,Good,3,Sunny Intervals,Light winds from the north east,NE,NE,North Easterly,11,7,2023-05-23T22:52:00+01:00,2023-05-24T09:01:13.711+01:00,2655984,Belfast
Sunny and light winds,1,17,62,17,11,66,2023-05-27,0,Precipitation is not expected,1027,16,61,20:00,1,Good,1,Sunny,Light winds from the north east,NE,NE,North Easterly,10,6,2023-05-23T22:52:00+01:00,2023-05-24T09:01:13.711+01:00,2655984,Belfast
Sunny intervals and light winds,3,15,60,14,9,69,2023-05-27,0,Precipitation is not expected,1027,15,59,21:00,1,Good,3,Sunny Intervals,Light winds from the north north east,NNE,NNE,North North Easterly,10,6,2023-05-23T22:52:00+01:00,2023-05-24T09:01:13.711+01:00,2655984,Belfast
Partly cloudy and light winds,2,14,57,16,10,73,2023-05-27,0,Precipitation is not expected,1028,14,57,22:00,1,Good,2,Partly Cloudy,Light winds from the north north east,NNE,NNE,North North Easterly,10,6,2023-05-23T22:52:00+01:00,2023-05-24T09:01:13.711+01:00,2655984,Belfast
A clear sky and light winds,0,13,55,14,9,78,2023-05-27,0,Precipitation is not expected,1028,13,55,23:00,1,Good,0,Clear Sky,Light winds from the north north east,NNE,NNE,North North Easterly,9,5,2023-05-23T22:52:00+01:00,2023-05-24T09:01:13.711+01:00,2655984,Belfast
A clear sky and light winds,0,12,53,17,10,82,2023-05-28,0,Precipitation is not expected,1028,12,53,00:00,1,Good,0,Clear Sky,Light winds from the north,N,N,Northerly,8,5,2023-05-23T22:52:00+01:00,2023-05-24T09:01:13.711+01:00,2655984,Belfast
A clear sky and light winds,0,11,52,14,9,80,2023-05-28,0,Precipitation is not expected,1027,11,53,01:00,1,Good,0,Clear Sky,Light winds from the north,N,N,Northerly,8,5,2023-05-23T22:52:00+01:00,2023-05-24T09:01:13.711+01:00,2655984,Belfast
A clear sky and light winds,0,11,52,14,9,81,2023-05-28,0,Precipitation is not expected,1027,11,52,02:00,1,Good,0,Clear Sky,Light winds from the north,N,N,Northerly,7,4,2023-05-23T22:52:00+01:00,2023-05-24T09:01:13.711+01:00,2655984,Belfast
Partly cloudy and light winds,2,10,51,15,9,81,2023-05-28,0,Precipitation is not expected,1027,11,51,03:00,1,Good,2,Partly Cloudy,Light winds from the north,N,N,Northerly,8,5,2023-05-23T22:52:00+01:00,2023-05-24T09:01:13.711+01:00,2655984,Belfast
Partly cloudy and light winds,2,10,50,18,11,83,2023-05-28,0,Precipitation is not expected,1027,11,51,04:00,1,Moderate,2,Partly Cloudy,Light winds from the north,N,N,Northerly,8,5,2023-05-23T22:52:00+01:00,2023-05-24T09:01:13.711+01:00,2655984,Belfast
Sunny intervals and light winds,3,10,50,22,14,85,2023-05-28,0,Precipitation is not expected,1027,10,51,05:00,1,Good,3,Sunny Intervals,Light winds from the north,N,N,Northerly,8,5,2023-05-23T22:52:00+01:00,2023-05-24T09:01:13.711+01:00,2655984,Belfast
Sunny intervals and light winds,3,11,51,25,16,85,2023-05-28,0,Precipitation is not expected,1027,10,51,06:00,1,Good,3,Sunny Intervals,Light winds from the north,N,N,Northerly,7,4,2023-05-23T22:52:00+01:00,2023-05-24T09:01:13.711+01:00,2655984,Belfast
Sunny intervals and light winds,3,10,50,24,15,85,2023-05-28,0,Precipitation is not expected,1027,11,51,07:00,1,Good,3,Sunny Intervals,Light winds from the north,N,N,Northerly,8,5,2023-05-23T22:52:00+01:00,2023-05-24T09:01:13.711+01:00,2655984,Belfast
Sunny intervals and light winds,3,11,52,23,14,80,2023-05-28,0,Precipitation is not expected,1027,12,53,08:00,1,Good,3,Sunny Intervals,Light winds from the north,N,N,Northerly,11,7,2023-05-23T22:52:00+01:00,2023-05-24T09:01:13.711+01:00,2655984,Belfast
Sunny intervals and light winds,3,13,55,22,14,72,2023-05-28,0,Precipitation is not expected,1028,13,55,09:00,1,Good,3,Sunny Intervals,Light winds from the north,N,N,Northerly,11,7,2023-05-23T22:52:00+01:00,2023-05-24T09:01:13.711+01:00,2655984,Belfast
Sunny intervals and a gentle breeze,3,13,56,21,13,66,2023-05-28,0,Precipitation is not expected,1028,14,57,10:00,1,Good,3,Sunny Intervals,A gentle breeze from the north,N,N,Northerly,13,8,2023-05-23T22:52:00+01:00,2023-05-24T09:01:13.711+01:00,2655984,Belfast
Sunny intervals and a gentle breeze,3,14,57,21,13,64,2023-05-28,0,Precipitation is not expected,1028,15,58,11:00,1,Good,3,Sunny Intervals,A gentle breeze from the north,N,N,Northerly,14,9,2023-05-23T22:52:00+01:00,2023-05-24T09:01:13.711+01:00,2655984,Belfast
Sunny intervals and a gentle breeze,3,15,60,20,13,63,2023-05-28,0,Precipitation is not expected,1028,16,60,12:00,1,Good,3,Sunny Intervals,A gentle breeze from the north,N,N,Northerly,16,10,2023-05-23T22:52:00+01:00,2023-05-24T09:01:13.711+01:00,2655984,Belfast
Sunny intervals and a gentle breeze,3,16,61,21,13,61,2023-05-28,0,Precipitation is not expected,1028,16,61,13:00,1,Good,3,Sunny Intervals,A gentle breeze from the north,N,N,Northerly,14,9,2023-05-23T22:52:00+01:00,2023-05-24T09:01:13.711+01:00,2655984,Belfast
Sunny intervals and a gentle breeze,3,16,61,21,13,60,2023-05-28,0,Precipitation is not expected,1027,16,61,14:00,1,Good,3,Sunny Intervals,A gentle breeze from the north,N,N,Northerly,13,8,2023-05-23T22:52:00+01:00,2023-05-24T09:01:13.711+01:00,2655984,Belfast
Sunny intervals and a gentle breeze,3,17,62,22,14,61,2023-05-28,0,Precipitation is not expected,1027,17,62,15:00,1,Good,3,Sunny Intervals,A gentle breeze from the north north west,NNW,NNW,North North Westerly,14,9,2023-05-23T22:52:00+01:00,2023-05-24T09:01:13.711+01:00,2655984,Belfast
Sunny and a gentle breeze,1,17,63,22,14,59,2023-05-28,0,Precipitation is not expected,1027,17,62,16:00,1,Good,1,Sunny,A gentle breeze from the north,N,N,Northerly,14,9,2023-05-23T22:52:00+01:00,2023-05-24T09:01:13.711+01:00,2655984,Belfast
Sunny and a gentle breeze,1,17,62,23,14,59,2023-05-28,0,Precipitation is not expected,1027,17,62,17:00,1,Good,1,Sunny,A gentle breeze from the north,N,N,Northerly,14,9,2023-05-23T22:52:00+01:00,2023-05-24T09:01:13.711+01:00,2655984,Belfast
Sunny and a gentle breeze,1,16,61,23,14,62,2023-05-28,0,Precipitation is not expected,1027,16,61,18:00,1,Good,1,Sunny,A gentle breeze from the north,N,N,Northerly,16,10,2023-05-23T22:52:00+01:00,2023-05-24T09:01:13.711+01:00,2655984,Belfast
Sunny and a gentle breeze,1,15,60,21,13,61,2023-05-28,0,Precipitation is not expected,1027,16,60,19:00,1,Good,1,Sunny,A gentle breeze from the north north east,NNE,NNE,North North Easterly,15,9,2023-05-23T22:52:00+01:00,2023-05-24T09:01:13.711+01:00,2655984,Belfast
Sunny and a gentle breeze,1,14,58,18,11,65,2023-05-28,0,Precipitation is not expected,1028,15,58,20:00,1,Good,1,Sunny,A gentle breeze from the north north east,NNE,NNE,North North Easterly,13,8,2023-05-23T22:52:00+01:00,2023-05-24T09:01:13.711+01:00,2655984,Belfast
Sunny and a gentle breeze,1,13,56,15,9,68,2023-05-28,0,Precipitation is not expected,1028,14,57,21:00,1,Good,1,Sunny,A gentle breeze from the north north east,NNE,NNE,North North Easterly,12,8,2023-05-23T22:52:00+01:00,2023-05-24T09:01:13.711+01:00,2655984,Belfast
A clear sky and light winds,0,12,53,13,8,73,2023-05-28,0,Precipitation is not expected,1028,12,54,22:00,1,Good,0,Clear Sky,Light winds from the north north east,NNE,NNE,North North Easterly,11,7,2023-05-23T22:52:00+01:00,2023-05-24T09:01:13.711+01:00,2655984,Belfast
A clear sky and light winds,0,11,53,12,7,75,2023-05-28,0,Precipitation is not expected,1028,12,53,23:00,1,Good,0,Clear Sky,Light winds from the north north east,NNE,NNE,North North Easterly,10,6,2023-05-23T22:52:00+01:00,2023-05-24T09:01:13.711+01:00,2655984,Belfast
A clear sky and light winds,0,10,51,10,6,78,2023-05-29,0,Precipitation is not expected,1028,11,51,00:00,1,Good,0,Clear Sky,Light winds from the north,N,N,Northerly,8,5,2023-05-23T22:52:00+01:00,2023-05-24T09:01:13.711+01:00,2655984,Belfast
A clear sky and light winds,0,10,50,10,6,76,2023-05-29,0,Precipitation is not expected,1028,11,51,01:00,1,Good,0,Clear Sky,Light winds from the north north east,NNE,NNE,North North Easterly,8,5,2023-05-23T22:52:00+01:00,2023-05-24T09:01:13.711+01:00,2655984,Belfast
A clear sky and light winds,0,10,50,10,6,78,2023-05-29,0,Precipitation is not expected,1029,10,50,02:00,1,Moderate,0,Clear Sky,Light winds from the north,N,N,Northerly,7,4,2023-05-23T22:52:00+01:00,2023-05-24T09:01:13.711+01:00,2655984,Belfast
A clear sky and light winds,0,10,50,9,6,81,2023-05-29,0,Precipitation is not expected,1029,10,50,03:00,1,Moderate,0,Clear Sky,Light winds from the north,N,N,Northerly,7,4,2023-05-23T22:52:00+01:00,2023-05-24T09:01:13.711+01:00,2655984,Belfast
A clear sky and light winds,0,10,49,11,7,82,2023-05-29,0,Precipitation is not expected,1029,10,49,04:00,1,Moderate,0,Clear Sky,Light winds from the north,N,N,Northerly,7,4,2023-05-23T22:52:00+01:00,2023-05-24T09:01:13.711+01:00,2655984,Belfast
Sunny and light winds,1,9,49,13,8,84,2023-05-29,0,Precipitation is not expected,1029,9,49,05:00,1,Moderate,1,Sunny,Light winds from the north north west,NNW,NNW,North North Westerly,6,4,2023-05-23T22:52:00+01:00,2023-05-24T09:01:13.711+01:00,2655984,Belfast
Sunny and light winds,1,9,49,14,9,85,2023-05-29,0,Precipitation is not expected,1029,9,49,06:00,1,Moderate,1,Sunny,Light winds from the north north west,NNW,NNW,North North Westerly,5,3,2023-05-23T22:52:00+01:00,2023-05-24T09:01:13.711+01:00,2655984,Belfast
Sunny and light winds,1,10,50,14,9,85,2023-05-29,0,Precipitation is not expected,1029,10,50,07:00,1,Good,1,Sunny,Light winds from the north north east,NNE,NNE,North North Easterly,7,4,2023-05-23T22:52:00+01:00,2023-05-24T09:01:13.711+01:00,2655984,Belfast
Sunny and light winds,1,11,51,15,9,79,2023-05-29,0,Precipitation is not expected,1029,11,52,08:00,1,Good,1,Sunny,Light winds from the north north west,NNW,NNW,North North Westerly,9,6,2023-05-23T22:52:00+01:00,2023-05-24T09:01:13.711+01:00,2655984,Belfast
Sunny and light winds,1,13,55,16,10,72,2023-05-29,0,Precipitation is not expected,1029,13,55,09:00,1,Good,1,Sunny,Light winds from the north west,NW,NW,North Westerly,10,6,2023-05-23T22:52:00+01:00,2023-05-24T09:01:13.711+01:00,2655984,Belfast
Sunny and light winds,1,15,58,17,11,64,2023-05-29,0,Precipitation is not expected,1029,15,59,10:00,1,Good,1,Sunny,Light winds from the north north west,NNW,NNW,North North Westerly,12,7,2023-05-23T22:52:00+01:00,2023-05-24T09:01:13.711+01:00,2655984,Belfast
Sunny and a gentle breeze,1,15,59,18,11,61,2023-05-29,0,Precipitation is not expected,1029,15,60,11:00,1,Good,1,Sunny,A gentle breeze from the north north west,NNW,NNW,North North Westerly,13,8,2023-05-23T22:52:00+01:00,2023-05-24T09:01:13.711+01:00,2655984,Belfast
Sunny and a gentle breeze,1,16,61,19,12,58,2023-05-29,0,Precipitation is not expected,1029,16,61,12:00,1,Good,1,Sunny,A gentle breeze from the north north west,NNW,NNW,North North Westerly,14,9,2023-05-23T22:52:00+01:00,2023-05-24T09:01:13.711+01:00,2655984,Belfast
Sunny and a gentle breeze,1,17,63,20,12,57,2023-05-29,0,Precipitation is not expected,1029,17,63,13:00,1,Good,1,Sunny,A gentle breeze from the north,N,N,Northerly,13,8,2023-05-23T22:52:00+01:00,2023-05-24T09:01:13.711+01:00,2655984,Belfast
Sunny and a gentle breeze,1,17,63,21,13,57,2023-05-29,0,Precipitation is not expected,1029,17,63,14:00,1,Good,1,Sunny,A gentle breeze from the north north west,NNW,NNW,North North Westerly,14,9,2023-05-23T22:52:00+01:00,2023-05-24T09:01:13.711+01:00,2655984,Belfast
Sunny and a gentle breeze,1,18,64,22,14,57,2023-05-29,0,Precipitation is not expected,1029,17,63,15:00,1,Good,1,Sunny,A gentle breeze from the north north west,NNW,NNW,North North Westerly,15,9,2023-05-23T22:52:00+01:00,2023-05-24T09:01:13.711+01:00,2655984,Belfast
Sunny and a gentle breeze,1,18,64,23,14,57,2023-05-29,0,Precipitation is not expected,1028,17,63,16:00,1,Good,1,Sunny,A gentle breeze from the north,N,N,Northerly,15,9,2023-05-23T22:52:00+01:00,2023-05-24T09:01:13.711+01:00,2655984,Belfast
Sunny and a gentle breeze,1,17,64,24,15,57,2023-05-29,0,Precipitation is not expected,1028,17,63,17:00,1,Good,1,Sunny,A gentle breeze from the north,N,N,Northerly,15,9,2023-05-23T22:52:00+01:00,2023-05-24T09:01:13.711+01:00,2655984,Belfast
Sunny and a gentle breeze,1,17,62,24,15,62,2023-05-29,0,Precipitation is not expected,1028,16,61,18:00,1,Good,1,Sunny,A gentle breeze from the north,N,N,Northerly,16,10,2023-05-23T22:52:00+01:00,2023-05-24T09:01:13.711+01:00,2655984,Belfast
Sunny and a gentle breeze,1,16,61,22,14,62,2023-05-29,0,Precipitation is not expected,1028,16,61,19:00,1,Good,1,Sunny,A gentle breeze from the north,N,N,Northerly,15,9,2023-05-23T22:52:00+01:00,2023-05-24T09:01:13.711+01:00,2655984,Belfast
Sunny and a gentle breeze,1,15,59,20,12,66,2023-05-29,0,Precipitation is not expected,1029,15,59,20:00,1,Good,1,Sunny,A gentle breeze from the north,N,N,Northerly,14,9,2023-05-23T22:52:00+01:00,2023-05-24T09:01:13.711+01:00,2655984,Belfast
Sunny and light winds,1,14,58,18,11,68,2023-05-29,0,Precipitation is not expected,1029,14,58,21:00,1,Good,1,Sunny,Light winds from the north,N,N,Northerly,12,7,2023-05-23T22:52:00+01:00,2023-05-24T09:01:13.711+01:00,2655984,Belfast
A clear sky and light winds,0,13,55,16,10,75,2023-05-29,0,Precipitation is not expected,1029,13,55,22:00,1,Good,0,Clear Sky,Light winds from the north,N,N,Northerly,11,7,2023-05-23T22:52:00+01:00,2023-05-24T09:01:13.711+01:00,2655984,Belfast
A clear sky and light winds,0,12,54,15,9,79,2023-05-29,0,Precipitation is not expected,1029,12,54,23:00,1,Good,0,Clear Sky,Light winds from the north north east,NNE,NNE,North North Easterly,10,6,2023-05-23T22:52:00+01:00,2023-05-24T09:01:13.711+01:00,2655984,Belfast
A clear sky and light winds,0,11,52,14,9,81,2023-05-30,0,Precipitation is not expected,1029,11,53,00:00,1,Good,0,Clear Sky,Light winds from the north north east,NNE,NNE,North North Easterly,8,5,2023-05-23T22:52:00+01:00,2023-05-24T09:01:13.711+01:00,2655984,Belfast
A clear sky and light winds,0,11,52,16,10,80,2023-05-30,0,Precipitation is not expected,1029,11,53,01:00,1,Moderate,0,Clear Sky,Light winds from the north north east,NNE,NNE,North North Easterly,8,5,2023-05-23T22:52:00+01:00,2023-05-24T09:01:13.711+01:00,2655984,Belfast
A clear sky and light winds,0,11,53,15,9,81,2023-05-30,0,Precipitation is not expected,1029,11,52,02:00,1,Moderate,0,Clear Sky,Light winds from the north north east,NNE,NNE,North North Easterly,7,4,2023-05-23T22:52:00+01:00,2023-05-24T09:01:13.711+01:00,2655984,Belfast
A clear sky and light winds,0,11,51,15,9,82,2023-05-30,0,Precipitation is not expected,1029,11,52,03:00,1,Moderate,0,Clear Sky,Light winds from the north north east,NNE,NNE,North North Easterly,8,5,2023-05-23T22:52:00+01:00,2023-05-24T09:01:13.711+01:00,2655984,Belfast
A clear sky and light winds,0,11,52,15,9,83,2023-05-30,0,Precipitation is not expected,1029,11,52,04:00,1,Moderate,0,Clear Sky,Light winds from the north east,NE,NE,North Easterly,7,5,2023-05-23T22:52:00+01:00,2023-05-24T09:01:13.711+01:00,2655984,Belfast
Sunny and light winds,1,11,52,15,9,85,2023-05-30,0,Precipitation is not expected,1029,11,51,05:00,1,Moderate,1,Sunny,Light winds from the north east,NE,NE,North Easterly,7,5,2023-05-23T22:52:00+01:00,2023-05-24T09:01:13.711+01:00,2655984,Belfast
Sunny and light winds,1,11,52,14,9,86,2023-05-30,0,Precipitation is not expected,1029,11,51,06:00,1,Moderate,1,Sunny,Light winds from the east north east,ENE,ENE,East North Easterly,6,4,2023-05-23T22:52:00+01:00,2023-05-24T09:01:13.711+01:00,2655984,Belfast
Sunny and light winds,1,12,53,15,9,86,2023-05-30,0,Precipitation is not expected,1029,11,52,07:00,1,Moderate,1,Sunny,Light winds from the east,E,E,Easterly,6,4,2023-05-23T22:52:00+01:00,2023-05-24T09:01:13.711+01:00,2655984,Belfast
Sunny and light winds,1,13,55,16,10,81,2023-05-30,0,Precipitation is not expected,1029,13,55,08:00,1,Moderate,1,Sunny,Light winds from the east,E,E,Easterly,9,5,2023-05-23T22:52:00+01:00,2023-05-24T09:01:13.711+01:00,2655984,Belfast
Sunny and light winds,1,14,57,16,10,75,2023-05-30,0,Precipitation is not expected,1029,14,57,09:00,1,Good,1,Sunny,Light winds from the east north east,ENE,ENE,East North Easterly,9,5,2023-05-23T22:52:00+01:00,2023-05-24T09:01:13.711+01:00,2655984,Belfast
Sunny and light winds,1,15,60,17,10,67,2023-05-30,0,Precipitation is not expected,1029,15,59,10:00,1,Good,1,Sunny,Light winds from the north east,NE,NE,North Easterly,11,7,2023-05-23T22:52:00+01:00,2023-05-24T09:01:13.711+01:00,2655984,Belfast
Sunny and light winds,1,17,62,17,11,62,2023-05-30,0,Precipitation is not expected,1029,16,61,11:00,1,Good,1,Sunny,Light winds from the north east,NE,NE,North Easterly,11,7,2023-05-23T22:52:00+01:00,2023-05-24T09:01:13.711+01:00,2655984,Belfast
Sunny and a gentle breeze,1,17,63,18,11,60,2023-05-30,0,Precipitation is not expected,1029,17,63,12:00,1,Good,1,Sunny,A gentle breeze from the east north east,ENE,ENE,East North Easterly,12,8,2023-05-23T22:52:00+01:00,2023-05-24T09:01:13.711+01:00,2655984,Belfast
Sunny and light winds,1,18,65,18,11,58,2023-05-30,0,Precipitation is not expected,1029,18,64,13:00,1,Good,1,Sunny,Light winds from the east north east,ENE,ENE,East North Easterly,11,7,2023-05-23T22:52:00+01:00,2023-05-24T09:01:13.711+01:00,2655984,Belfast
Sunny and light winds,1,19,65,18,11,56,2023-05-30,0,Precipitation is not expected,1029,18,64,14:00,1,Good,1,Sunny,Light winds from the north east,NE,NE,North Easterly,10,6,2023-05-23T22:52:00+01:00,2023-05-24T09:01:13.711+01:00,2655984,Belfast
Sunny and light winds,1,19,66,19,12,55,2023-05-30,0,Precipitation is not expected,1029,18,65,15:00,1,Good,1,Sunny,Light winds from the north east,NE,NE,North Easterly,11,7,2023-05-23T22:52:00+01:00,2023-05-24T09:01:13.711+01:00,2655984,Belfast
Sunny and light winds,1,19,66,18,11,55,2023-05-30,0,Precipitation is not expected,1029,18,65,16:00,1,Good,1,Sunny,Light winds from the north east,NE,NE,North Easterly,10,6,2023-05-23T22:52:00+01:00,2023-05-24T09:01:13.711+01:00,2655984,Belfast
Sunny and light winds,1,19,66,17,11,55,2023-05-30,0,Precipitation is not expected,1029,18,65,17:00,1,Good,1,Sunny,Light winds from the north east,NE,NE,North Easterly,10,6,2023-05-23T22:52:00+01:00,2023-05-24T09:01:13.711+01:00,2655984,Belfast
Sunny and light winds,1,18,65,16,10,58,2023-05-30,0,Precipitation is not expected,1029,17,63,18:00,1,Good,1,Sunny,Light winds from the north east,NE,NE,North Easterly,10,6,2023-05-23T22:52:00+01:00,2023-05-24T09:01:13.711+01:00,2655984,Belfast
Sunny and light winds,1,18,64,13,8,60,2023-05-30,0,Precipitation is not expected,1029,17,63,19:00,1,Good,1,Sunny,Light winds from the north east,NE,NE,North Easterly,9,6,2023-05-23T22:52:00+01:00,2023-05-24T09:01:13.711+01:00,2655984,Belfast
Sunny and light winds,1,16,61,10,6,64,2023-05-30,0,Precipitation is not expected,1029,16,61,20:00,1,Good,1,Sunny,Light winds from the east north east,ENE,ENE,East North Easterly,9,6,2023-05-23T22:52:00+01:00,2023-05-24T09:01:13.711+01:00,2655984,Belfast
Sunny and light winds,1,16,60,8,5,66,2023-05-30,0,Precipitation is not expected,1029,15,59,21:00,1,Moderate,1,Sunny,Light winds from the north east,NE,NE,North Easterly,8,5,2023-05-23T22:52:00+01:00,2023-05-24T09:01:13.711+01:00,2655984,Belfast
A clear sky and light winds,0,14,57,7,4,72,2023-05-30,0,Precipitation is not expected,1029,14,57,22:00,1,Moderate,0,Clear Sky,Light winds from the north east,NE,NE,North Easterly,7,5,2023-05-23T22:52:00+01:00,2023-05-24T09:01:13.711+01:00,2655984,Belfast
A clear sky and light winds,0,14,56,7,4,76,2023-05-30,0,Precipitation is not expected,1029,13,56,23:00,1,Moderate,0,Clear Sky,Light winds from the north east,NE,NE,North Easterly,6,4,2023-05-23T22:52:00+01:00,2023-05-24T09:01:13.711+01:00,2655984,Belfast
A clear sky and light winds,0,12,54,7,4,79,2023-05-31,0,Precipitation is not expected,1029,12,54,00:00,1,Moderate,0,Clear Sky,Light winds from the north east,NE,NE,North Easterly,5,3,2023-05-23T22:52:00+01:00,2023-05-24T09:01:13.711+01:00,2655984,Belfast
A clear sky and light winds,0,12,54,14,9,80,2023-05-31,0,Precipitation is not expected,1029,12,53,01:00,1,Poor,0,Clear Sky,Light winds from the north east,NE,NE,North Easterly,5,3,2023-05-23T22:52:00+01:00,2023-05-24T09:01:13.711+01:00,2655984,Belfast
A clear sky and light winds,0,12,54,18,11,81,2023-05-31,0,Precipitation is not expected,1029,12,53,02:00,1,Moderate,0,Clear Sky,Light winds from the north east,NE,NE,North Easterly,5,3,2023-05-23T22:52:00+01:00,2023-05-24T09:01:13.711+01:00,2655984,Belfast
A clear sky and light winds,0,12,53,21,13,83,2023-05-31,0,Precipitation is not expected,1029,12,53,03:00,1,Good,0,Clear Sky,Light winds from the north east,NE,NE,North Easterly,6,4,2023-05-23T22:52:00+01:00,2023-05-24T09:01:13.711+01:00,2655984,Belfast
Partly cloudy and light winds,2,12,53,21,13,84,2023-05-31,0,Precipitation is not expected,1029,12,53,04:00,1,Good,2,Partly Cloudy,Light winds from the north east,NE,NE,North Easterly,7,4,2023-05-23T22:52:00+01:00,2023-05-24T09:01:13.711+01:00,2655984,Belfast
Sunny intervals and light winds,3,11,53,19,12,87,2023-05-31,18,Low chance of precipitation,1029,11,52,05:00,1,Good,3,Sunny Intervals,Light winds from the north east,NE,NE,North Easterly,6,4,2023-05-23T22:52:00+01:00,2023-05-24T09:01:13.711+01:00,2655984,Belfast
Sunny intervals and light winds,3,12,53,19,12,87,2023-05-31,18,Low chance of precipitation,1029,11,53,06:00,1,Good,3,Sunny Intervals,Light winds from the east north east,ENE,ENE,East North Easterly,5,3,2023-05-23T22:52:00+01:00,2023-05-24T09:01:13.711+01:00,2655984,Belfast
Sunny intervals and light winds,3,12,54,19,12,86,2023-05-31,18,Low chance of precipitation,1029,12,53,07:00,1,Good,3,Sunny Intervals,Light winds from the east,E,E,Easterly,6,4,2023-05-23T22:52:00+01:00,2023-05-24T09:01:13.711+01:00,2655984,Belfast
Sunny intervals and light winds,3,13,56,19,12,81,2023-05-31,16,Low chance of precipitation,1029,13,56,08:00,1,Good,3,Sunny Intervals,Light winds from the east,E,E,Easterly,8,5,2023-05-23T22:52:00+01:00,2023-05-24T09:01:13.711+01:00,2655984,Belfast
Sunny intervals and light winds,3,15,59,19,12,74,2023-05-31,16,Low chance of precipitation,1029,15,58,09:00,1,Good,3,Sunny Intervals,Light winds from the east,E,E,Easterly,8,5,2023-05-23T22:52:00+01:00,2023-05-24T09:01:13.711+01:00,2655984,Belfast
Sunny intervals and light winds,3,16,61,19,12,67,2023-05-31,16,Low chance of precipitation,1029,16,61,10:00,1,Good,3,Sunny Intervals,Light winds from the east north east,ENE,ENE,East North Easterly,9,6,2023-05-23T22:52:00+01:00,2023-05-24T09:01:13.711+01:00,2655984,Belfast
Light rain and light winds,12,17,63,19,12,63,2023-05-31,20,Low chance of precipitation,1028,17,62,11:00,1,Good,12,Light Rain,Light winds from the east north east,ENE,ENE,East North Easterly,10,6,2023-05-23T22:52:00+01:00,2023-05-24T09:01:13.711+01:00,2655984,Belfast
Light rain and light winds,12,18,65,19,12,60,2023-05-31,20,Low chance of precipitation,1028,18,64,12:00,1,Good,12,Light Rain,Light winds from the east,E,E,Easterly,10,6,2023-05-23T22:52:00+01:00,2023-05-24T09:01:13.711+01:00,2655984,Belfast
Light rain and light winds,12,19,66,22,14,59,2023-05-31,20,Low chance of precipitation,1028,18,65,13:00,1,Good,12,Light Rain,Light winds from the east,E,E,Easterly,9,5,2023-05-23T22:52:00+01:00,2023-05-24T09:01:13.711+01:00,2655984,Belfast
Sunny and light winds,1,19,66,23,15,59,2023-05-31,10,Low chance of precipitation,1028,18,65,14:00,1,Good,1,Sunny,Light winds from the east north east,ENE,ENE,East North Easterly,9,5,2023-05-23T22:52:00+01:00,2023-05-24T09:01:13.711+01:00,2655984,Belfast
Light rain and light winds,12,20,67,25,16,57,2023-05-31,20,Low chance of precipitation,1027,19,66,15:00,1,Good,12,Light Rain,Light winds from the east north east,ENE,ENE,East North Easterly,9,6,2023-05-23T22:52:00+01:00,2023-05-24T09:01:13.711+01:00,2655984,Belfast
Light rain and light winds,12,20,67,23,14,57,2023-05-31,20,Low chance of precipitation,1027,19,66,16:00,1,Good,12,Light Rain,Light winds from the east north east,ENE,ENE,East North Easterly,10,6,2023-05-23T22:52:00+01:00,2023-05-24T09:01:13.711+01:00,2655984,Belfast
Sunny and light winds,1,20,67,20,12,57,2023-05-31,20,Low chance of precipitation,1027,19,66,17:00,1,Good,1,Sunny,Light winds from the north east,NE,NE,North Easterly,10,6,2023-05-23T22:52:00+01:00,2023-05-24T09:01:13.711+01:00,2655984,Belfast
Sunny and light winds,1,19,66,17,11,61,2023-05-31,20,Low chance of precipitation,1027,18,64,18:00,1,Good,1,Sunny,Light winds from the east north east,ENE,ENE,East North Easterly,10,6,2023-05-23T22:52:00+01:00,2023-05-24T09:01:13.711+01:00,2655984,Belfast
Sunny and light winds,1,18,65,14,9,61,2023-05-31,20,Low chance of precipitation,1027,18,64,19:00,1,Good,1,Sunny,Light winds from the east north east,ENE,ENE,East North Easterly,10,6,2023-05-23T22:52:00+01:00,2023-05-24T09:01:13.711+01:00,2655984,Belfast
Sunny and light winds,1,17,63,12,7,66,2023-05-31,0,Precipitation is not expected,1027,17,62,20:00,1,Good,1,Sunny,Light winds from the east north east,ENE,ENE,East North Easterly,9,6,2023-05-23T22:52:00+01:00,2023-05-24T09:01:13.711+01:00,2655984,Belfast
Sunny and light winds,1,17,62,9,6,66,2023-05-31,0,Precipitation is not expected,1027,16,61,21:00,1,Moderate,1,Sunny,Light winds from the east north east,ENE,ENE,East North Easterly,8,5,2023-05-23T22:52:00+01:00,2023-05-24T09:01:13.711+01:00,2655984,Belfast
A clear sky and light winds,0,15,60,8,5,72,2023-05-31,0,Precipitation is not expected,1027,15,59,22:00,1,Poor,0,Clear Sky,Light winds from the north east,NE,NE,North Easterly,8,5,2023-05-23T22:52:00+01:00,2023-05-24T09:01:13.711+01:00,2655984,Belfast
A clear sky and light winds,0,15,58,8,5,75,2023-05-31,0,Precipitation is not expected,1027,14,57,23:00,1,Poor,0,Clear Sky,Light winds from the east north east,ENE,ENE,East North Easterly,7,4,2023-05-23T22:52:00+01:00,2023-05-24T09:01:13.711+01:00,2655984,Belfast
A clear sky and light winds,0,13,56,7,4,78,2023-06-01,0,Precipitation is not expected,1027,13,56,00:00,1,Poor,0,Clear Sky,Light winds from the north east,NE,NE,North Easterly,5,3,2023-05-23T22:52:00+01:00,2023-05-24T09:01:13.711+01:00,2655984,Belfast
A clear sky and light winds,0,13,55,7,5,79,2023-06-01,0,Precipitation is not expected,1027,13,55,01:00,1,Poor,0,Clear Sky,Light winds from the north east,NE,NE,North Easterly,6,4,2023-05-23T22:52:00+01:00,2023-05-24T09:01:13.711+01:00,2655984,Belfast
A clear sky and light winds,0,13,55,8,5,81,2023-06-01,0,Precipitation is not expected,1027,12,54,02:00,1,Poor,0,Clear Sky,Light winds from the north east,NE,NE,North Easterly,5,3,2023-05-23T22:52:00+01:00,2023-05-24T09:01:13.711+01:00,2655984,Belfast
A clear sky and light winds,0,13,55,8,5,81,2023-06-01,0,Precipitation is not expected,1026,12,54,03:00,1,Poor,0,Clear Sky,Light winds from the east north east,ENE,ENE,East North Easterly,5,3,2023-05-23T22:52:00+01:00,2023-05-24T09:01:13.711+01:00,2655984,Belfast
A clear sky and light winds,0,12,54,11,7,82,2023-06-01,0,Precipitation is not expected,1026,12,54,04:00,1,Moderate,0,Clear Sky,Light winds from the east north east,ENE,ENE,East North Easterly,5,3,2023-05-23T22:52:00+01:00,2023-05-24T09:01:13.711+01:00,2655984,Belfast
Sunny and light winds,1,12,54,14,9,83,2023-06-01,0,Precipitation is not expected,1026,12,53,05:00,1,Moderate,1,Sunny,Light winds from the east north east,ENE,ENE,East North Easterly,5,3,2023-05-23T22:52:00+01:00,2023-05-24T09:01:13.711+01:00,2655984,Belfast
Sunny and light winds,1,12,54,17,11,84,2023-06-01,0,Precipitation is not expected,1026,12,53,06:00,1,Moderate,1,Sunny,Light winds from the east north east,ENE,ENE,East North Easterly,5,3,2023-05-24T09:01:13+01:00,2023-05-24T09:01:13.711+01:00,2655984,Belfast
Sunny and light winds,1,13,55,20,12,84,2023-06-01,0,Precipitation is not expected,1026,12,54,07:00,1,Moderate,1,Sunny,Light winds from the east south east,ESE,ESE,East South Easterly,6,4,2023-05-24T09:01:13+01:00,2023-05-24T09:01:13.711+01:00,2655984,Belfast
Sunny and light winds,1,14,57,22,14,80,2023-06-01,0,Precipitation is not expected,1026,13,56,08:00,1,Good,1,Sunny,Light winds from the east south east,ESE,ESE,East South Easterly,7,5,2023-05-24T09:01:13+01:00,2023-05-24T09:01:13.711+01:00,2655984,Belfast
Sunny and light winds,1,15,60,24,15,72,2023-06-01,0,Precipitation is not expected,1026,15,59,09:00,1,Good,1,Sunny,Light winds from the east,E,E,Easterly,8,5,2023-05-24T09:01:13+01:00,2023-05-24T09:01:13.711+01:00,2655984,Belfast
Sunny and light winds,1,16,61,23,14,65,2023-06-01,0,Precipitation is not expected,1026,16,61,10:00,1,Good,1,Sunny,Light winds from the east north east,ENE,ENE,East North Easterly,9,6,2023-05-24T09:01:13+01:00,2023-05-24T09:01:13.711+01:00,2655984,Belfast
Sunny and light winds,1,17,63,21,13,61,2023-06-01,22,Low chance of precipitation,1026,17,62,11:00,1,Good,1,Sunny,Light winds from the east north east,ENE,ENE,East North Easterly,10,6,2023-05-24T09:01:13+01:00,2023-05-24T09:01:13.711+01:00,2655984,Belfast
Sunny intervals and light winds,3,18,64,19,12,60,2023-06-01,22,Low chance of precipitation,1025,17,63,12:00,1,Good,3,Sunny Intervals,Light winds from the east,E,E,Easterly,11,7,2023-05-24T09:01:13+01:00,2023-05-24T09:01:13.711+01:00,2655984,Belfast
Sunny intervals and light winds,3,19,66,20,12,58,2023-06-01,22,Low chance of precipitation,1025,18,65,13:00,1,Good,3,Sunny Intervals,Light winds from the east north east,ENE,ENE,East North Easterly,10,6,2023-05-24T09:01:13+01:00,2023-05-24T09:01:13.711+01:00,2655984,Belfast
Light rain and light winds,12,19,66,21,13,59,2023-06-01,22,Low chance of precipitation,1025,18,65,14:00,1,Good,12,Light Rain,Light winds from the north north east,NNE,NNE,North North Easterly,10,6,2023-05-24T09:01:13+01:00,2023-05-24T09:01:13.711+01:00,2655984,Belfast
Light rain and light winds,12,20,67,22,14,56,2023-06-01,23,Low chance of precipitation,1025,19,66,15:00,1,Good,12,Light Rain,Light winds from the north,N,N,Northerly,10,6,2023-05-24T09:01:13+01:00,2023-05-24T09:01:13.711+01:00,2655984,Belfast
Light rain and light winds,12,20,68,23,14,56,2023-06-01,23,Low chance of precipitation,1024,19,66,16:00,1,Good,12,Light Rain,Light winds from the north east,NE,NE,North Easterly,10,6,2023-05-24T09:01:13+01:00,2023-05-24T09:01:13.711+01:00,2655984,Belfast
Sunny intervals and light winds,3,20,67,23,15,57,2023-06-01,0,Precipitation is not expected,1024,19,66,17:00,1,Good,3,Sunny Intervals,Light winds from the north north east,NNE,NNE,North North Easterly,10,6,2023-05-24T09:01:13+01:00,2023-05-24T09:01:13.711+01:00,2655984,Belfast
Sunny and light winds,1,19,66,24,15,62,2023-06-01,0,Precipitation is not expected,1024,18,64,18:00,1,Good,1,Sunny,Light winds from the north east,NE,NE,North Easterly,11,7,2023-05-24T09:01:13+01:00,2023-05-24T09:01:13.711+01:00,2655984,Belfast
Sunny and light winds,1,19,66,20,12,63,2023-06-01,0,Precipitation is not expected,1024,18,64,19:00,1,Good,1,Sunny,Light winds from the east north east,ENE,ENE,East North Easterly,10,6,2023-05-24T09:01:13+01:00,2023-05-24T09:01:13.711+01:00,2655984,Belfast
Sunny and light winds,1,17,64,15,9,67,2023-06-01,0,Precipitation is not expected,1024,17,62,20:00,1,Good,1,Sunny,Light winds from the east north east,ENE,ENE,East North Easterly,9,6,2023-05-24T09:01:13+01:00,2023-05-24T09:01:13.711+01:00,2655984,Belfast
Sunny and light winds,1,17,63,10,6,68,2023-06-01,0,Precipitation is not expected,1024,16,61,21:00,1,Moderate,1,Sunny,Light winds from the north east,NE,NE,North Easterly,8,5,2023-05-24T09:01:13+01:00,2023-05-24T09:01:13.711+01:00,2655984,Belfast
A clear sky and light winds,0,15,59,8,5,74,2023-06-01,0,Precipitation is not expected,1025,15,59,22:00,1,Poor,0,Clear Sky,Light winds from the north east,NE,NE,North Easterly,8,5,2023-05-24T09:01:13+01:00,2023-05-24T09:01:13.711+01:00,2655984,Belfast
A clear sky and light winds,0,15,58,7,4,77,2023-06-01,0,Precipitation is not expected,1025,14,57,23:00,1,Poor,0,Clear Sky,Light winds from the north east,NE,NE,North Easterly,6,4,2023-05-24T09:01:13+01:00,2023-05-24T09:01:13.711+01:00,2655984,Belfast
A clear sky and light winds,0,13,56,5,3,81,2023-06-02,0,Precipitation is not expected,1025,13,55,00:00,1,Poor,0,Clear Sky,Light winds from the north east,NE,NE,North Easterly,4,2,2023-05-24T09:01:13+01:00,2023-05-24T09:01:13.711+01:00,2655984,Belfast
A clear sky and light winds,0,13,55,5,3,81,2023-06-02,0,Precipitation is not expected,1025,13,55,01:00,1,Poor,0,Clear Sky,Light winds from the north east,NE,NE,North Easterly,4,2,2023-05-24T09:01:13+01:00,2023-05-24T09:01:13.711+01:00,2655984,Belfast
A clear sky and light winds,0,13,55,4,3,82,2023-06-02,0,Precipitation is not expected,1024,12,54,02:00,1,Poor,0,Clear Sky,Light winds from the north east,NE,NE,North Easterly,3,2,2023-05-24T09:01:13+01:00,2023-05-24T09:01:13.711+01:00,2655984,Belfast
A clear sky and light winds,0,13,55,4,2,82,2023-06-02,0,Precipitation is not expected,1024,12,54,03:00,1,Poor,0,Clear Sky,Light winds from the east north east,ENE,ENE,East North Easterly,3,2,2023-05-24T09:01:13+01:00,2023-05-24T09:01:13.711+01:00,2655984,Belfast
A clear sky and light winds,0,13,55,5,3,83,2023-06-02,0,Precipitation is not expected,1024,12,54,04:00,1,Poor,0,Clear Sky,Light winds from the east north east,ENE,ENE,East North Easterly,3,2,2023-05-24T09:01:13+01:00,2023-05-24T09:01:13.711+01:00,2655984,Belfast
Sunny and light winds,1,12,54,6,4,85,2023-06-02,0,Precipitation is not expected,1024,12,53,05:00,1,Moderate,1,Sunny,Light winds from the north east,NE,NE,North Easterly,3,2,2023-05-24T09:01:13+01:00,2023-05-24T09:01:13.711+01:00,2655984,Belfast
Sunny and light winds,1,12,54,7,4,86,2023-06-02,0,Precipitation is not expected,1024,12,53,06:00,1,Moderate,1,Sunny,Light winds from the east north east,ENE,ENE,East North Easterly,3,2,2023-05-24T09:01:13+01:00,2023-05-24T09:01:13.711+01:00,2655984,Belfast
Sunny and light winds,1,13,55,8,5,88,2023-06-02,0,Precipitation is not expected,1024,12,54,07:00,1,Moderate,1,Sunny,Light winds from the east south east,ESE,ESE,East South Easterly,3,2,2023-05-24T09:01:13+01:00,2023-05-24T09:01:13.711+01:00,2655984,Belfast
Sunny and light winds,1,14,57,9,6,84,2023-06-02,0,Precipitation is not expected,1024,13,56,08:00,1,Moderate,1,Sunny,Light winds from the south south east,SSE,SSE,South South Easterly,7,4,2023-05-24T09:01:13+01:00,2023-05-24T09:01:13.711+01:00,2655984,Belfast
Sunny intervals and light winds,3,15,60,10,6,76,2023-06-02,0,Precipitation is not expected,1024,15,59,09:00,1,Good,3,Sunny Intervals,Light winds from the west,W,W,Westerly,8,5,2023-05-24T09:01:13+01:00,2023-05-24T09:01:13.711+01:00,2655984,Belfast
Sunny intervals and light winds,3,17,62,10,6,68,2023-06-02,0,Precipitation is not expected,1024,16,61,10:00,1,Good,3,Sunny Intervals,Light winds from the north north west,NNW,NNW,North North Westerly,9,6,2023-05-24T09:01:13+01:00,2023-05-24T09:01:13.711+01:00,2655984,Belfast
Sunny intervals and light winds,3,18,64,10,6,64,2023-06-02,0,Precipitation is not expected,1025,17,63,11:00,1,Good,3,Sunny Intervals,Light winds from the north west,NW,NW,North Westerly,9,5,2023-05-24T09:01:13+01:00,2023-05-24T09:01:13.711+01:00,2655984,Belfast
Sunny intervals and light winds,3,19,66,10,6,62,2023-06-02,0,Precipitation is not expected,1025,18,64,12:00,1,Good,3,Sunny Intervals,Light winds from the south west,SW,SW,South Westerly,9,5,2023-05-24T09:01:13+01:00,2023-05-24T09:01:13.711+01:00,2655984,Belfast
Sunny intervals and light winds,3,20,68,9,6,60,2023-06-02,0,Precipitation is not expected,1025,19,65,13:00,1,Good,3,Sunny Intervals,Light winds from the north,N,N,Northerly,8,5,2023-05-24T09:01:13+01:00,2023-05-24T09:01:13.711+01:00,2655984,Belfast
Sunny intervals and light winds,3,20,68,10,6,60,2023-06-02,6,Low chance of precipitation,1025,19,65,14:00,1,Good,3,Sunny Intervals,Light winds from the north west,NW,NW,North Westerly,8,5,2023-05-24T09:01:13+01:00,2023-05-24T09:01:13.711+01:00,2655984,Belfast
Light cloud and light winds,7,21,69,10,6,59,2023-06-02,6,Low chance of precipitation,1025,19,67,15:00,1,Good,7,Light Cloud,Light winds from the west,W,W,Westerly,9,5,2023-05-24T09:01:13+01:00,2023-05-24T09:01:13.711+01:00,2655984,Belfast
Light cloud and light winds,7,20,69,10,6,60,2023-06-02,6,Low chance of precipitation,1024,19,66,16:00,1,Good,7,Light Cloud,Light winds from the north north east,NNE,NNE,North North Easterly,9,6,2023-05-24T09:01:13+01:00,2023-05-24T09:01:13.711+01:00,2655984,Belfast
Sunny intervals and light winds,3,20,69,11,7,60,2023-06-02,0,Precipitation is not expected,1024,19,66,17:00,1,Good,3,Sunny Intervals,Light winds from the north,N,N,Northerly,9,6,2023-05-24T09:01:13+01:00,2023-05-24T09:01:13.711+01:00,2655984,Belfast
Sunny intervals and light winds,3,19,67,11,7,63,2023-06-02,0,Precipitation is not expected,1024,18,65,18:00,1,Good,3,Sunny Intervals,Light winds from the north east,NE,NE,North Easterly,10,6,2023-05-24T09:01:13+01:00,2023-05-24T09:01:13.711+01:00,2655984,Belfast
Sunny and light winds,1,19,66,11,7,64,2023-06-02,0,Precipitation is not expected,1024,18,64,19:00,1,Good,1,Sunny,Light winds from the north east,NE,NE,North Easterly,10,6,2023-05-24T09:01:13+01:00,2023-05-24T09:01:13.711+01:00,2655984,Belfast
Sunny and light winds,1,18,64,9,6,69,2023-06-02,0,Precipitation is not expected,1024,17,62,20:00,1,Good,1,Sunny,Light winds from the east north east,ENE,ENE,East North Easterly,9,6,2023-05-24T09:01:13+01:00,2023-05-24T09:01:13.711+01:00,2655984,Belfast
Sunny and light winds,1,17,63,8,5,70,2023-06-02,0,Precipitation is not expected,1025,16,61,21:00,1,Moderate,1,Sunny,Light winds from the north east,NE,NE,North Easterly,8,5,2023-05-24T09:01:13+01:00,2023-05-24T09:01:13.711+01:00,2655984,Belfast
A clear sky and light winds,0,16,60,7,4,75,2023-06-02,0,Precipitation is not expected,1025,15,59,22:00,1,Poor,0,Clear Sky,Light winds from the north east,NE,NE,North Easterly,7,5,2023-05-24T09:01:13+01:00,2023-05-24T09:01:13.711+01:00,2655984,Belfast
A clear sky and light winds,0,15,59,5,3,78,2023-06-02,0,Precipitation is not expected,1025,14,58,23:00,1,Moderate,0,Clear Sky,Light winds from the north east,NE,NE,North Easterly,6,4,2023-05-24T09:01:13+01:00,2023-05-24T09:01:13.711+01:00,2655984,Belfast
A clear sky and light winds,0,14,57,5,3,81,2023-06-03,0,Precipitation is not expected,1025,13,56,00:00,1,Moderate,0,Clear Sky,Light winds from the north east,NE,NE,North Easterly,4,3,2023-05-24T09:01:13+01:00,2023-05-24T09:01:13.711+01:00,2655984,Belfast
A clear sky and light winds,0,13,56,5,3,81,2023-06-03,0,Precipitation is not expected,1025,13,55,01:00,1,Moderate,0,Clear Sky,Light winds from the north north east,NNE,NNE,North North Easterly,4,3,2023-05-24T09:01:13+01:00,2023-05-24T09:01:13.711+01:00,2655984,Belfast
A clear sky and light winds,0,13,56,5,3,82,2023-06-03,0,Precipitation is not expected,1025,13,55,02:00,1,Moderate,0,Clear Sky,Light winds from the north north east,NNE,NNE,North North Easterly,4,2,2023-05-24T09:01:13+01:00,2023-05-24T09:01:13.711+01:00,2655984,Belfast
A clear sky and light winds,0,13,55,5,3,82,2023-06-03,0,Precipitation is not expected,1025,13,55,03:00,1,Moderate,0,Clear Sky,Light winds from the north east,NE,NE,North Easterly,5,3,2023-05-24T09:01:13+01:00,2023-05-24T09:01:13.711+01:00,2655984,Belfast
A clear sky and light winds,0,13,55,6,4,83,2023-06-03,0,Precipitation is not expected,1025,13,55,04:00,1,Moderate,0,Clear Sky,Light winds from the north east,NE,NE,North Easterly,5,3,2023-05-24T09:01:13+01:00,2023-05-24T09:01:13.711+01:00,2655984,Belfast
Sunny and light winds,1,13,55,6,4,85,2023-06-03,0,Precipitation is not expected,1025,12,54,05:00,1,Moderate,1,Sunny,Light winds from the north east,NE,NE,North Easterly,5,3,2023-05-24T09:01:13+01:00,2023-05-24T09:01:13.711+01:00,2655984,Belfast
Sunny and light winds,1,13,55,6,4,85,2023-06-03,0,Precipitation is not expected,1025,12,54,06:00,1,Moderate,1,Sunny,Light winds from the east north east,ENE,ENE,East North Easterly,4,3,2023-05-24T09:01:13+01:00,2023-05-24T09:01:13.711+01:00,2655984,Belfast
Sunny and light winds,1,13,55,8,5,86,2023-06-03,0,Precipitation is not expected,1025,13,55,07:00,1,Moderate,1,Sunny,Light winds from the east south east,ESE,ESE,East South Easterly,5,3,2023-05-24T09:01:13+01:00,2023-05-24T09:01:13.711+01:00,2655984,Belfast
Sunny and light winds,1,14,58,9,5,82,2023-06-03,0,Precipitation is not expected,1025,14,57,08:00,1,Good,1,Sunny,Light winds from the south south east,SSE,SSE,South South Easterly,7,4,2023-05-24T09:01:13+01:00,2023-05-24T09:01:13.711+01:00,2655984,Belfast
Sunny and light winds,1,16,61,10,6,76,2023-06-03,0,Precipitation is not expected,1025,15,59,09:00,1,Good,1,Sunny,Light winds from the west north west,WNW,WNW,West North Westerly,7,5,2023-05-24T09:01:13+01:00,2023-05-24T09:01:13.711+01:00,2655984,Belfast
Sunny intervals and light winds,3,17,63,11,7,68,2023-06-03,0,Precipitation is not expected,1025,16,61,10:00,1,Good,3,Sunny Intervals,Light winds from the north north east,NNE,NNE,North North Easterly,9,6,2023-05-24T09:01:13+01:00,2023-05-24T09:01:13.711+01:00,2655984,Belfast
Sunny intervals and light winds,3,18,65,11,7,64,2023-06-03,0,Precipitation is not expected,1025,17,63,11:00,1,Good,3,Sunny Intervals,Light winds from the north,N,N,Northerly,9,6,2023-05-24T09:01:13+01:00,2023-05-24T09:01:13.711+01:00,2655984,Belfast
Sunny intervals and light winds,3,19,67,12,7,62,2023-06-03,0,Precipitation is not expected,1025,18,65,12:00,1,Good,3,Sunny Intervals,Light winds from the west north west,WNW,WNW,West North Westerly,10,6,2023-05-24T09:01:13+01:00,2023-05-24T09:01:13.711+01:00,2655984,Belfast
Sunny intervals and light winds,3,20,68,13,8,60,2023-06-03,0,Precipitation is not expected,1025,19,66,13:00,1,Good,3,Sunny Intervals,Light winds from the north north west,NNW,NNW,North North Westerly,10,6,2023-05-24T09:01:13+01:00,2023-05-24T09:01:13.711+01:00,2655984,Belfast
Sunny intervals and light winds,3,20,69,13,8,59,2023-06-03,0,Precipitation is not expected,1025,19,66,14:00,1,Good,3,Sunny Intervals,Light winds from the north west,NW,NW,North Westerly,10,6,2023-05-24T09:01:13+01:00,2023-05-24T09:01:13.711+01:00,2655984,Belfast
Sunny intervals and light winds,3,21,69,14,9,58,2023-06-03,0,Precipitation is not expected,1025,19,67,15:00,1,Good,3,Sunny Intervals,Light winds from the north west,NW,NW,North Westerly,10,6,2023-05-24T09:01:13+01:00,2023-05-24T09:01:13.711+01:00,2655984,Belfast
Sunny intervals and light winds,3,21,70,14,9,58,2023-06-03,0,Precipitation is not expected,1025,20,67,16:00,1,Good,3,Sunny Intervals,Light winds from the north,N,N,Northerly,11,7,2023-05-24T09:01:13+01:00,2023-05-24T09:01:13.711+01:00,2655984,Belfast
Sunny intervals and light winds,3,21,69,15,9,59,2023-06-03,0,Precipitation is not expected,1025,19,67,17:00,1,Good,3,Sunny Intervals,Light winds from the north,N,N,Northerly,11,7,2023-05-24T09:01:13+01:00,2023-05-24T09:01:13.711+01:00,2655984,Belfast
Sunny and light winds,1,20,68,16,10,62,2023-06-03,0,Precipitation is not expected,1024,19,66,18:00,1,Good,1,Sunny,Light winds from the north north east,NNE,NNE,North North Easterly,12,7,2023-05-24T09:01:13+01:00,2023-05-24T09:01:13.711+01:00,2655984,Belfast
Sunny and light winds,1,20,67,12,8,63,2023-06-03,0,Precipitation is not expected,1024,19,65,19:00,1,Good,1,Sunny,Light winds from the north east,NE,NE,North Easterly,12,7,2023-05-24T09:01:13+01:00,2023-05-24T09:01:13.711+01:00,2655984,Belfast
Sunny and light winds,1,18,65,9,6,67,2023-06-03,0,Precipitation is not expected,1024,17,63,20:00,1,Good,1,Sunny,Light winds from the east north east,ENE,ENE,East North Easterly,10,6,2023-05-24T09:01:13+01:00,2023-05-24T09:01:13.711+01:00,2655984,Belfast
Sunny and light winds,1,17,63,8,5,69,2023-06-03,0,Precipitation is not expected,1025,17,62,21:00,1,Good,1,Sunny,Light winds from the north east,NE,NE,North Easterly,8,5,2023-05-24T09:01:13+01:00,2023-05-24T09:01:13.711+01:00,2655984,Belfast
A clear sky and light winds,0,16,61,7,4,75,2023-06-03,0,Precipitation is not expected,1025,15,59,22:00,1,Good,0,Clear Sky,Light winds from the north east,NE,NE,North Easterly,7,5,2023-05-24T09:01:13+01:00,2023-05-24T09:01:13.711+01:00,2655984,Belfast
A clear sky and light winds,0,15,59,7,4,77,2023-06-03,0,Precipitation is not expected,1025,15,58,23:00,1,Good,0,Clear Sky,Light winds from the north east,NE,NE,North Easterly,6,4,2023-05-24T09:01:13+01:00,2023-05-24T09:01:13.711+01:00,2655984,Belfast
A clear sky and light winds,0,14,57,7,4,80,2023-06-04,0,Precipitation is not expected,1025,13,56,00:00,1,Good,0,Clear Sky,Light winds from the north north east,NNE,NNE,North North Easterly,5,3,2023-05-24T09:01:13+01:00,2023-05-24T09:01:13.711+01:00,2655984,Belfast
A clear sky and light winds,0,14,57,7,4,79,2023-06-04,0,Precipitation is not expected,1025,13,56,01:00,1,Good,0,Clear Sky,Light winds from the north north east,NNE,NNE,North North Easterly,5,3,2023-05-24T09:01:13+01:00,2023-05-24T09:01:13.711+01:00,2655984,Belfast
A clear sky and light winds,0,14,56,6,4,79,2023-06-04,0,Precipitation is not expected,1025,13,56,02:00,1,Good,0,Clear Sky,Light winds from the north north east,NNE,NNE,North North Easterly,4,2,2023-05-24T09:01:13+01:00,2023-05-24T09:01:13.711+01:00,2655984,Belfast
A clear sky and light winds,0,13,56,6,4,80,2023-06-04,0,Precipitation is not expected,1025,13,55,03:00,1,Good,0,Clear Sky,Light winds from the north east,NE,NE,North Easterly,4,3,2023-05-24T09:01:13+01:00,2023-05-24T09:01:13.711+01:00,2655984,Belfast
A clear sky and light winds,0,13,56,6,4,81,2023-06-04,0,Precipitation is not expected,1025,13,55,04:00,1,Good,0,Clear Sky,Light winds from the north east,NE,NE,North Easterly,4,3,2023-05-24T09:01:13+01:00,2023-05-24T09:01:13.711+01:00,2655984,Belfast
Sunny and light winds,1,13,55,6,4,82,2023-06-04,0,Precipitation is not expected,1025,13,55,05:00,1,Good,1,Sunny,Light winds from the north north east,NNE,NNE,North North Easterly,4,3,2023-05-24T09:01:13+01:00,2023-05-24T09:01:13.711+01:00,2655984,Belfast
Sunny and light winds,1,13,55,6,4,84,2023-06-04,0,Precipitation is not expected,1025,12,54,06:00,1,Good,1,Sunny,Light winds from the north east,NE,NE,North Easterly,4,2,2023-05-24T09:01:13+01:00,2023-05-24T09:01:13.711+01:00,2655984,Belfast
Sunny and light winds,1,13,56,8,5,85,2023-06-04,0,Precipitation is not expected,1025,13,55,07:00,1,Good,1,Sunny,Light winds from the east south east,ESE,ESE,East South Easterly,4,3,2023-05-24T09:01:13+01:00,2023-05-24T09:01:13.711+01:00,2655984,Belfast
Sunny and light winds,1,15,58,9,5,81,2023-06-04,0,Precipitation is not expected,1025,14,57,08:00,1,Good,1,Sunny,Light winds from the south south east,SSE,SSE,South South Easterly,7,4,2023-05-24T09:01:13+01:00,2023-05-24T09:01:13.711+01:00,2655984,Belfast
Sunny and light winds,1,16,60,10,6,75,2023-06-04,0,Precipitation is not expected,1025,15,59,09:00,1,Good,1,Sunny,Light winds from the west,W,W,Westerly,8,5,2023-05-24T09:01:13+01:00,2023-05-24T09:01:13.711+01:00,2655984,Belfast
Sunny and light winds,1,17,63,11,7,68,2023-06-04,0,Precipitation is not expected,1025,16,61,10:00,1,Good,1,Sunny,Light winds from the north,N,N,Northerly,9,6,2023-05-24T09:01:13+01:00,2023-05-24T09:01:13.711+01:00,2655984,Belfast
Sunny and light winds,1,18,64,12,8,64,2023-06-04,0,Precipitation is not expected,1025,17,63,11:00,1,Good,1,Sunny,Light winds from the north north west,NNW,NNW,North North Westerly,10,6,2023-05-24T09:01:13+01:00,2023-05-24T09:01:13.711+01:00,2655984,Belfast
Sunny and light winds,1,19,66,12,8,61,2023-06-04,0,Precipitation is not expected,1025,18,64,12:00,1,Good,1,Sunny,Light winds from the north north west,NNW,NNW,North North Westerly,10,6,2023-05-24T09:01:13+01:00,2023-05-24T09:01:13.711+01:00,2655984,Belfast
Sunny and light winds,1,20,68,12,7,59,2023-06-04,0,Precipitation is not expected,1025,19,66,13:00,1,Good,1,Sunny,Light winds from the north,N,N,Northerly,11,7,2023-05-24T09:01:13+01:00,2023-05-24T09:01:13.711+01:00,2655984,Belfast
Sunny intervals and light winds,3,20,68,12,8,59,2023-06-04,0,Precipitation is not expected,1025,19,66,14:00,1,Good,3,Sunny Intervals,Light winds from the north west,NW,NW,North Westerly,10,6,2023-05-24T09:01:13+01:00,2023-05-24T09:01:13.711+01:00,2655984,Belfast
Sunny intervals and light winds,3,21,69,12,8,58,2023-06-04,0,Precipitation is not expected,1025,19,67,15:00,1,Good,3,Sunny Intervals,Light winds from the west north west,WNW,WNW,West North Westerly,10,6,2023-05-24T09:01:13+01:00,2023-05-24T09:01:13.711+01:00,2655984,Belfast
Sunny intervals and light winds,3,21,69,12,8,58,2023-06-04,0,Precipitation is not expected,1024,19,67,16:00,1,Good,3,Sunny Intervals,Light winds from the north north east,NNE,NNE,North North Easterly,11,7,2023-05-24T09:01:13+01:00,2023-05-24T09:01:13.711+01:00,2655984,Belfast
Sunny and light winds,1,21,69,13,8,59,2023-06-04,0,Precipitation is not expected,1024,19,67,17:00,1,Good,1,Sunny,Light winds from the north,N,N,Northerly,11,7,2023-05-24T09:01:13+01:00,2023-05-24T09:01:13.711+01:00,2655984,Belfast
Sunny and light winds,1,20,67,15,9,63,2023-06-04,0,Precipitation is not expected,1024,19,65,18:00,1,Good,1,Sunny,Light winds from the north east,NE,NE,North Easterly,12,7,2023-05-24T09:01:13+01:00,2023-05-24T09:01:13.711+01:00,2655984,Belfast
Sunny and light winds,1,19,67,14,9,65,2023-06-04,0,Precipitation is not expected,1024,18,64,19:00,1,Good,1,Sunny,Light winds from the north east,NE,NE,North Easterly,10,6,2023-05-24T09:01:13+01:00,2023-05-24T09:01:13.711+01:00,2655984,Belfast
Sunny and light winds,1,18,64,14,9,68,2023-06-04,0,Precipitation is not expected,1024,17,62,20:00,1,Good,1,Sunny,Light winds from the east north east,ENE,ENE,East North Easterly,10,6,2023-05-24T09:01:13+01:00,2023-05-24T09:01:13.711+01:00,2655984,Belfast
Sunny and light winds,1,17,63,14,9,69,2023-06-04,0,Precipitation is not expected,1024,16,61,21:00,1,Good,1,Sunny,Light winds from the east north east,ENE,ENE,East North Easterly,9,5,2023-05-24T09:01:13+01:00,2023-05-24T09:01:13.711+01:00,2655984,Belfast
A clear sky and light winds,0,15,60,14,9,72,2023-06-04,0,Precipitation is not expected,1024,15,59,22:00,1,Good,0,Clear Sky,Light winds from the north east,NE,NE,North Easterly,9,5,2023-05-24T09:01:13+01:00,2023-05-24T09:01:13.711+01:00,2655984,Belfast
A clear sky and light winds,0,15,59,15,9,75,2023-06-04,0,Precipitation is not expected,1025,14,58,23:00,1,Good,0,Clear Sky,Light winds from the north east,NE,NE,North Easterly,8,5,2023-05-24T09:01:13+01:00,2023-05-24T09:01:13.711+01:00,2655984,Belfast
A clear sky and light winds,0,14,57,16,10,77,2023-06-05,0,Precipitation is not expected,1025,14,57,00:00,1,Good,0,Clear Sky,Light winds from the north east,NE,NE,North Easterly,7,4,2023-05-24T09:01:13+01:00,2023-05-24T09:01:13.711+01:00,2655984,Belfast
A clear sky and light winds,0,14,57,16,10,77,2023-06-05,0,Precipitation is not expected,1025,13,56,01:00,1,Good,0,Clear Sky,Light winds from the north east,NE,NE,North Easterly,7,5,2023-05-24T09:01:13+01:00,2023-05-24T09:01:13.711+01:00,2655984,Belfast
A clear sky and light winds,0,14,57,16,10,78,2023-06-05,0,Precipitation is not expected,1025,13,56,02:00,1,Good,0,Clear Sky,Light winds from the north north east,NNE,NNE,North North Easterly,6,4,2023-05-24T09:01:13+01:00,2023-05-24T09:01:13.711+01:00,2655984,Belfast
A clear sky and light winds,0,13,56,16,10,80,2023-06-05,0,Precipitation is not expected,1024,13,55,03:00,1,Moderate,0,Clear Sky,Light winds from the north east,NE,NE,North Easterly,7,5,2023-05-24T09:01:13+01:00,2023-05-24T09:01:13.711+01:00,2655984,Belfast
A clear sky and light winds,0,13,56,17,10,81,2023-06-05,0,Precipitation is not expected,1024,13,55,04:00,1,Moderate,0,Clear Sky,Light winds from the north east,NE,NE,North Easterly,7,5,2023-05-24T09:01:13+01:00,2023-05-24T09:01:13.711+01:00,2655984,Belfast
Sunny and light winds,1,13,56,17,10,83,2023-06-05,0,Precipitation is not expected,1024,13,55,05:00,1,Moderate,1,Sunny,Light winds from the north north east,NNE,NNE,North North Easterly,7,5,2023-05-24T09:01:13+01:00,2023-05-24T09:01:13.711+01:00,2655984,Belfast
Sunny and light winds,1,13,55,17,10,84,2023-06-05,0,Precipitation is not expected,1024,13,55,06:00,1,Good,1,Sunny,Light winds from the east north east,ENE,ENE,East North Easterly,7,4,2023-05-24T09:01:13+01:00,2023-05-24T09:01:13.711+01:00,2655984,Belfast
Sunny and light winds,1,13,56,15,9,84,2023-06-05,0,Precipitation is not expected,1024,13,55,07:00,1,Good,1,Sunny,Light winds from the south south east,SSE,SSE,South South Easterly,7,4,2023-05-24T09:01:13+01:00,2023-05-24T09:01:13.711+01:00,2655984,Belfast
Sunny and light winds,1,14,58,14,9,82,2023-06-05,0,Precipitation is not expected,1024,14,57,08:00,1,Good,1,Sunny,Light winds from the south,S,S,Southerly,8,5,2023-05-24T09:01:13+01:00,2023-05-24T09:01:13.711+01:00,2655984,Belfast
Sunny and light winds,1,15,60,12,8,76,2023-06-05,0,Precipitation is not expected,1024,15,59,09:00,1,Good,1,Sunny,Light winds from the west south west,WSW,WSW,West South Westerly,8,5,2023-05-24T09:01:13+01:00,2023-05-24T09:01:13.711+01:00,2655984,Belfast
Sunny and light winds,1,17,62,13,8,69,2023-06-05,0,Precipitation is not expected,1024,16,61,10:00,1,Good,1,Sunny,Light winds from the west north west,WNW,WNW,West North Westerly,9,5,2023-05-24T09:01:13+01:00,2023-05-24T09:01:13.711+01:00,2655984,Belfast
Sunny intervals and light winds,3,17,63,13,8,65,2023-06-05,0,Precipitation is not expected,1024,17,62,11:00,1,Good,3,Sunny Intervals,Light winds from the west north west,WNW,WNW,West North Westerly,9,6,2023-05-24T09:01:13+01:00,2023-05-24T09:01:13.711+01:00,2655984,Belfast
Sunny intervals and light winds,3,18,65,13,8,64,2023-06-05,0,Precipitation is not expected,1024,17,63,12:00,1,Good,3,Sunny Intervals,Light winds from the west south west,WSW,WSW,West South Westerly,10,6,2023-05-24T09:01:13+01:00,2023-05-24T09:01:13.711+01:00,2655984,Belfast
Sunny intervals and light winds,3,19,67,14,9,62,2023-06-05,0,Precipitation is not expected,1024,18,65,13:00,1,Good,3,Sunny Intervals,Light winds from the west south west,WSW,WSW,West South Westerly,10,6,2023-05-24T09:01:13+01:00,2023-05-24T09:01:13.711+01:00,2655984,Belfast
Sunny intervals and light winds,3,19,67,14,9,61,2023-06-05,8,Low chance of precipitation,1024,18,65,14:00,1,Good,3,Sunny Intervals,Light winds from the west,W,W,Westerly,10,6,2023-05-24T09:01:13+01:00,2023-05-24T09:01:13.711+01:00,2655984,Belfast
Sunny intervals and light winds,3,20,68,14,9,60,2023-06-05,8,Low chance of precipitation,1024,19,66,15:00,1,Good,3,Sunny Intervals,Light winds from the west,W,W,Westerly,11,7,2023-05-24T09:01:13+01:00,2023-05-24T09:01:13.711+01:00,2655984,Belfast
Sunny intervals and light winds,3,20,68,15,9,60,2023-06-05,8,Low chance of precipitation,1023,19,66,16:00,1,Good,3,Sunny Intervals,Light winds from the west north west,WNW,WNW,West North Westerly,11,7,2023-05-24T09:01:13+01:00,2023-05-24T09:01:13.711+01:00,2655984,Belfast
Sunny intervals and light winds,3,20,68,16,10,61,2023-06-05,29,Low chance of precipitation,1023,19,66,17:00,1,Good,3,Sunny Intervals,Light winds from the north west,NW,NW,North Westerly,11,7,2023-05-24T09:01:13+01:00,2023-05-24T09:01:13.711+01:00,2655984,Belfast
Sunny intervals and light winds,3,19,67,17,10,65,2023-06-05,29,Low chance of precipitation,1023,18,65,18:00,1,Good,3,Sunny Intervals,Light winds from the north north east,NNE,NNE,North North Easterly,12,7,2023-05-24T09:01:13+01:00,2023-05-24T09:01:13.711+01:00,2655984,Belfast
Sunny and light winds,1,19,66,14,9,66,2023-06-05,29,Low chance of precipitation,1023,18,64,19:00,1,Good,1,Sunny,Light winds from the north east,NE,NE,North Easterly,12,7,2023-05-24T09:01:13+01:00,2023-05-24T09:01:13.711+01:00,2655984,Belfast
Sunny and light winds,1,18,64,11,7,70,2023-06-05,20,Low chance of precipitation,1023,17,62,20:00,1,Good,1,Sunny,Light winds from the east north east,ENE,ENE,East North Easterly,10,6,2023-05-24T09:01:13+01:00,2023-05-24T09:01:13.711+01:00,2655984,Belfast
Sunny and light winds,1,17,63,8,5,72,2023-06-05,20,Low chance of precipitation,1023,16,61,21:00,1,Good,1,Sunny,Light winds from the north east,NE,NE,North Easterly,8,5,2023-05-24T09:01:13+01:00,2023-05-24T09:01:13.711+01:00,2655984,Belfast
A clear sky and light winds,0,16,61,8,5,77,2023-06-05,20,Low chance of precipitation,1023,15,59,22:00,1,Moderate,0,Clear Sky,Light winds from the north east,NE,NE,North Easterly,7,4,2023-05-24T09:01:13+01:00,2023-05-24T09:01:13.711+01:00,2655984,Belfast
A clear sky and light winds,0,15,60,8,5,79,2023-06-05,0,Precipitation is not expected,1023,15,58,23:00,1,Moderate,0,Clear Sky,Light winds from the north east,NE,NE,North Easterly,5,3,2023-05-24T09:01:13+01:00,2023-05-24T09:01:13.711+01:00,2655984,Belfast
A clear sky and light winds,0,14,58,8,5,81,2023-06-06,0,Precipitation is not expected,1023,14,57,00:00,1,Moderate,0,Clear Sky,Light winds from the north east,NE,NE,North Easterly,4,2,2023-05-24T09:01:13+01:00,2023-05-24T09:01:13.711+01:00,2655984,Belfast
A clear sky and light winds,0,14,57,8,5,80,2023-06-06,0,Precipitation is not expected,1023,13,56,01:00,1,Moderate,0,Clear Sky,Light winds from the north east,NE,NE,North Easterly,4,3,2023-05-24T09:01:13+01:00,2023-05-24T09:01:13.711+01:00,2655984,Belfast
A clear sky and light winds,0,14,57,9,5,81,2023-06-06,0,Precipitation is not expected,1023,13,56,02:00,1,Moderate,0,Clear Sky,Light winds from the north east,NE,NE,North Easterly,4,2,2023-05-24T09:01:13+01:00,2023-05-24T09:01:13.711+01:00,2655984,Belfast
A clear sky and light winds,0,14,57,9,6,82,2023-06-06,0,Precipitation is not expected,1023,13,56,03:00,1,Moderate,0,Clear Sky,Light winds from the east north east,ENE,ENE,East North Easterly,5,3,2023-05-24T09:01:13+01:00,2023-05-24T09:01:13.711+01:00,2655984,Belfast
A clear sky and light winds,0,13,56,10,6,82,2023-06-06,0,Precipitation is not expected,1023,13,55,04:00,1,Good,0,Clear Sky,Light winds from the east north east,ENE,ENE,East North Easterly,5,3,2023-05-24T09:01:13+01:00,2023-05-24T09:01:13.711+01:00,2655984,Belfast
Sunny and light winds,1,13,56,10,6,84,2023-06-06,0,Precipitation is not expected,1023,13,55,05:00,1,Good,1,Sunny,Light winds from the north east,NE,NE,North Easterly,6,4,2023-05-24T09:01:13+01:00,2023-05-24T09:01:13.711+01:00,2655984,Belfast
Sunny and light winds,1,13,56,11,7,85,2023-06-06,0,Precipitation is not expected,1023,13,55,06:00,1,Good,1,Sunny,Light winds from the east north east,ENE,ENE,East North Easterly,5,3,2023-05-24T09:01:13+01:00,2023-05-24T09:01:13.711+01:00,2655984,Belfast
Sunny and light winds,1,13,56,12,8,85,2023-06-06,0,Precipitation is not expected,1023,13,55,07:00,1,Good,1,Sunny,Light winds from the south east,SE,SE,South Easterly,6,4,2023-05-24T09:01:13+01:00,2023-05-24T09:01:13.711+01:00,2655984,Belfast
Sunny and light winds,1,14,58,13,8,82,2023-06-06,0,Precipitation is not expected,1023,14,57,08:00,1,Good,1,Sunny,Light winds from the south,S,S,Southerly,8,5,2023-05-24T09:01:13+01:00,2023-05-24T09:01:13.711+01:00,2655984,Belfast
Sunny and light winds,1,16,60,15,9,77,2023-06-06,0,Precipitation is not expected,1023,15,59,09:00,1,Good,1,Sunny,Light winds from the west south west,WSW,WSW,West South Westerly,9,6,2023-05-24T09:01:13+01:00,2023-05-24T09:01:13.711+01:00,2655984,Belfast
Sunny and light winds,1,17,62,16,10,69,2023-06-06,0,Precipitation is not expected,1023,16,61,10:00,1,Good,1,Sunny,Light winds from the north north west,NNW,NNW,North North Westerly,10,6,2023-05-24T09:01:13+01:00,2023-05-24T09:01:13.711+01:00,2655984,Belfast
Sunny and light winds,1,17,63,18,11,65,2023-06-06,4,Low chance of precipitation,1022,17,62,11:00,1,Good,1,Sunny,Light winds from the north west,NW,NW,North Westerly,11,7,2023-05-24T09:01:13+01:00,2023-05-24T09:01:13.711+01:00,2655984,Belfast
Sunny and light winds,1,18,65,19,12,64,2023-06-06,4,Low chance of precipitation,1022,17,63,12:00,1,Good,1,Sunny,Light winds from the west,W,W,Westerly,12,7,2023-05-24T09:01:13+01:00,2023-05-24T09:01:13.711+01:00,2655984,Belfast
Sunny intervals and light winds,3,19,66,19,12,62,2023-06-06,4,Low chance of precipitation,1022,18,65,13:00,1,Good,3,Sunny Intervals,Light winds from the west north west,WNW,WNW,West North Westerly,12,7,2023-05-24T09:01:13+01:00,2023-05-24T09:01:13.711+01:00,2655984,Belfast
Sunny intervals and light winds,3,19,66,19,12,62,2023-06-06,10,Low chance of precipitation,1022,18,64,14:00,1,Good,3,Sunny Intervals,Light winds from the west north west,WNW,WNW,West North Westerly,12,7,2023-05-24T09:01:13+01:00,2023-05-24T09:01:13.711+01:00,2655984,Belfast
Sunny intervals and light winds,3,19,67,19,12,61,2023-06-06,10,Low chance of precipitation,1022,18,65,15:00,1,Good,3,Sunny Intervals,Light winds from the west,W,W,Westerly,12,7,2023-05-24T09:01:13+01:00,2023-05-24T09:01:13.711+01:00,2655984,Belfast
Sunny intervals and light winds,3,19,67,19,12,61,2023-06-06,10,Low chance of precipitation,1022,18,65,16:00,1,Good,3,Sunny Intervals,Light winds from the north west,NW,NW,North Westerly,12,7,2023-05-24T09:01:13+01:00,2023-05-24T09:01:13.711+01:00,2655984,Belfast
Sunny intervals and light winds,3,19,67,19,12,61,2023-06-06,10,Low chance of precipitation,1021,18,65,17:00,1,Good,3,Sunny Intervals,Light winds from the north west,NW,NW,North Westerly,12,7,2023-05-24T09:01:13+01:00,2023-05-24T09:01:13.711+01:00,2655984,Belfast
Sunny intervals and light winds,3,19,65,18,11,65,2023-06-06,10,Low chance of precipitation,1021,18,64,18:00,1,Good,3,Sunny Intervals,Light winds from the north,N,N,Northerly,12,7,2023-05-24T09:01:13+01:00,2023-05-24T09:01:13.711+01:00,2655984,Belfast
Sunny and light winds,1,18,65,16,10,66,2023-06-06,10,Low chance of precipitation,1021,17,63,19:00,1,Good,1,Sunny,Light winds from the north north east,NNE,NNE,North North Easterly,12,7,2023-05-24T09:01:13+01:00,2023-05-24T09:01:13.711+01:00,2655984,Belfast
Sunny and light winds,1,17,63,13,8,70,2023-06-06,0,Precipitation is not expected,1021,16,61,20:00,1,Good,1,Sunny,Light winds from the north east,NE,NE,North Easterly,10,6,2023-05-24T09:01:13+01:00,2023-05-24T09:01:13.711+01:00,2655984,Belfast
Sunny and light winds,1,17,62,10,6,71,2023-06-06,0,Precipitation is not expected,1021,16,61,21:00,1,Good,1,Sunny,Light winds from the north east,NE,NE,North Easterly,9,5,2023-05-24T09:01:13+01:00,2023-05-24T09:01:13.711+01:00,2655984,Belfast
A clear sky and light winds,0,15,60,10,6,76,2023-06-06,0,Precipitation is not expected,1021,15,59,22:00,1,Good,0,Clear Sky,Light winds from the north east,NE,NE,North Easterly,8,5,2023-05-24T09:01:13+01:00,2023-05-24T09:01:13.711+01:00,2655984,Belfast
A clear sky and light winds,0,15,59,9,6,78,2023-06-06,0,Precipitation is not expected,1021,14,58,23:00,1,Good,0,Clear Sky,Light winds from the north east,NE,NE,North Easterly,7,4,2023-05-24T09:01:13+01:00,2023-05-24T09:01:13.711+01:00,2655984,Belfast
A clear sky and light winds,0,14,58,9,5,80,2023-06-07,0,Precipitation is not expected,1021,14,57,00:00,1,Good,0,Clear Sky,Light winds from the north east,NE,NE,North Easterly,5,3,2023-05-24T09:01:13+01:00,2023-05-24T09:01:13.711+01:00,2655984,Belfast
Partly cloudy and light winds,2,14,57,9,5,79,2023-06-07,0,Precipitation is not expected,1021,14,57,01:00,1,Good,2,Partly Cloudy,Light winds from the north east,NE,NE,North Easterly,5,3,2023-05-24T09:01:13+01:00,2023-05-24T09:01:13.711+01:00,2655984,Belfast
Partly cloudy and light winds,2,13,56,8,5,82,2023-06-07,27,Low chance of precipitation,1021,13,55,02:00,1,Good,2,Partly Cloudy,Light winds from the north,N,N,Northerly,4,2,2023-05-24T09:01:13+01:00,2023-05-24T09:01:13.711+01:00,2655984,Belfast
Partly cloudy and light winds,2,13,56,8,5,82,2023-06-07,27,Low chance of precipitation,1021,13,55,03:00,1,Good,2,Partly Cloudy,Light winds from the north east,NE,NE,North Easterly,5,3,2023-05-24T09:01:13+01:00,2023-05-24T09:01:13.711+01:00,2655984,Belfast
Partly cloudy and light winds,2,13,55,9,5,83,2023-06-07,27,Low chance of precipitation,1021,13,55,04:00,1,Good,2,Partly Cloudy,Light winds from the north north east,NNE,NNE,North North Easterly,5,3,2023-05-24T09:01:13+01:00,2023-05-24T09:01:13.711+01:00,2655984,Belfast
Sunny intervals and light winds,3,13,55,9,6,84,2023-06-07,33,Chance of precipitation,1020,12,54,05:00,1,Good,3,Sunny Intervals,Light winds from the north north west,NNW,NNW,North North Westerly,6,4,2023-05-24T09:01:13+01:00,2023-05-24T09:01:13.711+01:00,2655984,Belfast
