enhancedWeatherDescription,extendedWeatherType,feelsLikeTemperatureC,feelsLikeTemperatureF,gustSpeedKph,gustSpeedMph,humidity,localDate,precipitationProbabilityInPercent,precipitationProbabilityText,pressure,temperatureC,temperatureF,timeslot,timeslotLength,visibility,weatherType,weatherTypeText,windDescription,windDirection,windDirectionAbbreviation,windDirectionFull,windSpeedKph,windSpeedMph,detailed.issueDate,detailed.lastUpdated,location
Sunny and a moderate breeze,1,15,59,42,26,50,2022-07-17,2,Low chance of precipitation,1016,16,61,10:00,1,Good,1,Sunny,A moderate breeze from the north north west,NNW,NNW,North North Westerly,27,17,2022-07-17T07:00:00+10:00,2022-07-17T09:10:34.332+10:00,2643743
Sunny and a moderate breeze,1,17,63,44,27,48,2022-07-17,0,Precipitation is not expected,1015,18,64,11:00,1,Good,1,Sunny,A moderate breeze from the north north west,NNW,NNW,North North Westerly,28,17,2022-07-17T07:00:00+10:00,2022-07-17T09:10:34.332+10:00,2643743
Sunny and a moderate breeze,1,19,66,45,28,46,2022-07-17,0,Precipitation is not expected,1013,19,66,12:00,1,Good,1,Sunny,A moderate breeze from the north north west,NNW,NNW,North North Westerly,29,18,2022-07-17T07:00:00+10:00,2022-07-17T09:10:34.332+10:00,2643743
Sunny and a moderate breeze,1,19,67,46,28,42,2022-07-17,0,Precipitation is not expected,1012,20,67,13:00,1,Good,1,Sunny,A moderate breeze from the north north west,NNW,NNW,North North Westerly,29,18,2022-07-17T07:00:00+10:00,2022-07-17T09:10:34.332+10:00,2643743
Sunny and a fresh breeze,1,20,67,46,29,39,2022-07-17,0,Precipitation is not expected,1011,20,68,14:00,1,Good,1,Sunny,A fresh breeze from the north north west,NNW,NNW,North North Westerly,30,19,2022-07-17T07:00:00+10:00,2022-07-17T09:10:34.332+10:00,2643743
Sunny and a fresh breeze,1,19,67,45,28,36,2022-07-17,0,Precipitation is not expected,1011,20,68,15:00,1,Good,1,Sunny,A fresh breeze from the north north west,NNW,NNW,North North Westerly,30,19,2022-07-17T07:00:00+10:00,2022-07-17T09:10:34.332+10:00,2643743
Sunny and a moderate breeze,1,18,64,42,26,36,2022-07-17,0,Precipitation is not expected,1011,19,66,16:00,1,Good,1,Sunny,A moderate breeze from the north north west,NNW,NNW,North North Westerly,29,18,2022-07-17T07:00:00+10:00,2022-07-17T09:10:34.332+10:00,2643743
Sunny and a moderate breeze,1,17,62,38,24,39,2022-07-17,0,Precipitation is not expected,1011,18,64,17:00,1,Good,1,Sunny,A moderate breeze from the north north west,NNW,NNW,North North Westerly,27,17,2022-07-17T07:00:00+10:00,2022-07-17T09:10:34.332+10:00,2643743
A clear sky and a moderate breeze,0,15,60,35,22,43,2022-07-17,0,Precipitation is not expected,1011,17,62,18:00,1,Good,0,Clear Sky,A moderate breeze from the north north west,NNW,NNW,North North Westerly,24,15,2022-07-17T07:00:00+10:00,2022-07-17T09:10:34.332+10:00,2643743
A clear sky and a moderate breeze,0,15,58,33,20,47,2022-07-17,0,Precipitation is not expected,1012,16,60,19:00,1,Good,0,Clear Sky,A moderate breeze from the north north west,NNW,NNW,North North Westerly,22,14,2022-07-17T07:00:00+10:00,2022-07-17T09:10:34.332+10:00,2643743
A clear sky and a moderate breeze,0,14,57,30,19,51,2022-07-17,0,Precipitation is not expected,1012,15,59,20:00,1,Good,0,Clear Sky,A moderate breeze from the north north west,NNW,NNW,North North Westerly,20,13,2022-07-17T07:00:00+10:00,2022-07-17T09:10:34.332+10:00,2643743
A clear sky and a gentle breeze,0,14,57,29,18,54,2022-07-17,0,Precipitation is not expected,1012,15,58,21:00,1,Good,0,Clear Sky,A gentle breeze from the north north west,NNW,NNW,North North Westerly,19,12,2022-07-17T07:00:00+10:00,2022-07-17T09:10:34.332+10:00,2643743
A clear sky and a gentle breeze,0,14,57,29,18,55,2022-07-17,0,Precipitation is not expected,1012,15,58,22:00,1,Good,0,Clear Sky,A gentle breeze from the north north west,NNW,NNW,North North Westerly,18,11,2022-07-17T07:00:00+10:00,2022-07-17T09:10:34.332+10:00,2643743
A clear sky and a gentle breeze,0,14,56,28,18,57,2022-07-17,0,Precipitation is not expected,1012,14,58,23:00,1,Good,0,Clear Sky,A gentle breeze from the north north west,NNW,NNW,North North Westerly,17,11,2022-07-17T07:00:00+10:00,2022-07-17T09:10:34.332+10:00,2643743
A clear sky and a gentle breeze,0,13,56,28,18,57,2022-07-18,0,Precipitation is not expected,1012,14,58,00:00,1,Good,0,Clear Sky,A gentle breeze from the north north west,NNW,NNW,North North Westerly,16,10,2022-07-17T07:00:00+10:00,2022-07-17T09:10:34.332+10:00,2643743
Partly cloudy and a gentle breeze,2,13,55,27,17,58,2022-07-18,0,Precipitation is not expected,1012,14,57,01:00,1,Good,2,Partly Cloudy,A gentle breeze from the north north west,NNW,NNW,North North Westerly,16,10,2022-07-17T07:00:00+10:00,2022-07-17T09:10:34.332+10:00,2643743
Partly cloudy and a gentle breeze,2,12,54,27,17,59,2022-07-18,0,Precipitation is not expected,1011,13,56,02:00,1,Good,2,Partly Cloudy,A gentle breeze from the north west,NW,NW,North Westerly,16,10,2022-07-17T07:00:00+10:00,2022-07-17T09:10:34.332+10:00,2643743
Partly cloudy and a gentle breeze,2,11,52,27,17,61,2022-07-18,0,Precipitation is not expected,1012,13,55,03:00,1,Moderate,2,Partly Cloudy,A gentle breeze from the west north west,WNW,WNW,West North Westerly,16,10,2022-07-17T07:00:00+10:00,2022-07-17T09:10:34.332+10:00,2643743
Partly cloudy and a gentle breeze,2,10,51,26,16,64,2022-07-18,0,Precipitation is not expected,1012,12,53,04:00,1,Moderate,2,Partly Cloudy,A gentle breeze from the west north west,WNW,WNW,West North Westerly,16,10,2022-07-17T07:00:00+10:00,2022-07-17T09:10:34.332+10:00,2643743
Partly cloudy and a gentle breeze,2,10,50,26,16,65,2022-07-18,0,Precipitation is not expected,1012,11,53,05:00,1,Good,2,Partly Cloudy,A gentle breeze from the west north west,WNW,WNW,West North Westerly,15,10,2022-07-17T07:00:00+10:00,2022-07-17T09:10:34.332+10:00,2643743
Partly cloudy and a gentle breeze,2,10,50,27,17,66,2022-07-18,0,Precipitation is not expected,1013,11,52,06:00,1,Good,2,Partly Cloudy,A gentle breeze from the west north west,WNW,WNW,West North Westerly,15,9,2022-07-17T07:00:00+10:00,2022-07-17T09:10:34.332+10:00,2643743
Sunny and a gentle breeze,1,10,50,30,19,67,2022-07-18,0,Precipitation is not expected,1014,11,52,07:00,1,Good,1,Sunny,A gentle breeze from the west north west,WNW,WNW,West North Westerly,15,9,2022-07-17T07:00:00+10:00,2022-07-17T09:10:34.332+10:00,2643743
Sunny and a gentle breeze,1,10,50,34,21,64,2022-07-18,0,Precipitation is not expected,1015,11,53,08:00,1,Good,1,Sunny,A gentle breeze from the west north west,WNW,WNW,West North Westerly,17,11,2022-07-17T07:00:00+10:00,2022-07-17T09:10:34.332+10:00,2643743
Sunny and a moderate breeze,1,11,51,39,24,59,2022-07-18,0,Precipitation is not expected,1016,12,54,09:00,1,Good,1,Sunny,A moderate breeze from the west,W,W,Westerly,21,13,2022-07-17T07:00:00+10:00,2022-07-17T09:10:34.332+10:00,2643743
Sunny and a moderate breeze,1,12,53,38,24,55,2022-07-18,0,Precipitation is not expected,1017,13,56,10:00,1,Good,1,Sunny,A moderate breeze from the west,W,W,Westerly,25,15,2022-07-17T07:00:00+10:00,2022-07-17T09:10:34.332+10:00,2643743
Sunny and a moderate breeze,1,13,55,38,24,54,2022-07-18,0,Precipitation is not expected,1017,14,58,11:00,1,Good,1,Sunny,A moderate breeze from the west south west,WSW,WSW,West South Westerly,25,15,2022-07-17T07:00:00+10:00,2022-07-17T09:10:34.332+10:00,2643743
Sunny and a moderate breeze,1,14,57,37,23,50,2022-07-18,0,Precipitation is not expected,1017,15,59,12:00,1,Good,1,Sunny,A moderate breeze from the west south west,WSW,WSW,West South Westerly,24,15,2022-07-17T07:00:00+10:00,2022-07-17T09:10:34.332+10:00,2643743
Sunny intervals and a moderate breeze,3,14,57,34,21,46,2022-07-18,0,Precipitation is not expected,1017,15,59,13:00,1,Good,3,Sunny Intervals,A moderate breeze from the south west,SW,SW,South Westerly,23,14,2022-07-17T07:00:00+10:00,2022-07-17T09:10:34.332+10:00,2643743
Sunny intervals and a moderate breeze,3,14,57,31,19,44,2022-07-18,0,Precipitation is not expected,1017,15,59,14:00,1,Good,3,Sunny Intervals,A moderate breeze from the south west,SW,SW,South Westerly,21,13,2022-07-17T07:00:00+10:00,2022-07-17T09:10:34.332+10:00,2643743
Sunny intervals and a gentle breeze,3,13,55,29,18,43,2022-07-18,0,Precipitation is not expected,1017,15,58,15:00,1,Good,3,Sunny Intervals,A gentle breeze from the south west,SW,SW,South Westerly,19,12,2022-07-17T07:00:00+10:00,2022-07-17T09:10:34.332+10:00,2643743
Sunny intervals and a gentle breeze,3,12,54,27,17,45,2022-07-18,1,Low chance of precipitation,1018,14,57,16:00,1,Good,3,Sunny Intervals,A gentle breeze from the south west,SW,SW,South Westerly,17,11,2022-07-17T07:00:00+10:00,2022-07-17T09:10:34.332+10:00,2643743
Sunny intervals and a gentle breeze,3,11,52,27,17,50,2022-07-18,3,Low chance of precipitation,1019,13,55,17:00,1,Moderate,3,Sunny Intervals,A gentle breeze from the south south west,SSW,SSW,South South Westerly,16,10,2022-07-17T07:00:00+10:00,2022-07-17T09:10:34.332+10:00,2643743
Partly cloudy and a gentle breeze,2,10,49,30,18,55,2022-07-18,6,Low chance of precipitation,1020,11,53,18:00,1,Moderate,2,Partly Cloudy,A gentle breeze from the south south west,SSW,SSW,South South Westerly,16,10,2022-07-17T07:00:00+10:00,2022-07-17T09:10:34.332+10:00,2643743
Light cloud and a gentle breeze,36,9,47,32,20,61,2022-07-18,9,Low chance of precipitation,1021,11,51,19:00,1,Moderate,7,Light Cloud,A gentle breeze from the south south west,SSW,SSW,South South Westerly,17,11,2022-07-17T07:00:00+10:00,2022-07-17T09:10:34.332+10:00,2643743
Light cloud and a gentle breeze,36,8,46,35,22,67,2022-07-18,13,Low chance of precipitation,1022,10,50,20:00,1,Moderate,7,Light Cloud,A gentle breeze from the south south west,SSW,SSW,South South Westerly,19,12,2022-07-17T07:00:00+10:00,2022-07-17T09:10:34.332+10:00,2643743
Light rain showers and a moderate breeze,9,7,45,37,23,70,2022-07-18,17,Low chance of precipitation,1023,9,49,21:00,1,Moderate,9,Light Rain Showers,A moderate breeze from the south south west,SSW,SSW,South South Westerly,21,13,2022-07-17T07:00:00+10:00,2022-07-17T09:10:34.332+10:00,2643743
Light rain showers and a moderate breeze,9,7,45,38,24,71,2022-07-18,20,Low chance of precipitation,1024,9,49,22:00,1,Moderate,9,Light Rain Showers,A moderate breeze from the south south west,SSW,SSW,South South Westerly,23,14,2022-07-17T07:00:00+10:00,2022-07-17T09:10:34.332+10:00,2643743
Light rain showers and a moderate breeze,9,7,44,39,24,73,2022-07-18,24,Low chance of precipitation,1025,9,49,23:00,1,Moderate,9,Light Rain Showers,A moderate breeze from the south south west,SSW,SSW,South South Westerly,24,15,2022-07-17T07:00:00+10:00,2022-07-17T09:10:34.332+10:00,2643743
Light rain showers and a moderate breeze,9,7,44,40,25,75,2022-07-19,28,Low chance of precipitation,1025,9,48,00:00,1,Moderate,9,Light Rain Showers,A moderate breeze from the south south west,SSW,SSW,South South Westerly,25,15,2022-07-17T07:00:00+10:00,2022-07-17T09:10:34.332+10:00,2643743
Light rain and a moderate breeze,39,6,43,39,24,75,2022-07-19,31,Chance of precipitation,1025,9,48,01:00,1,Moderate,12,Light Rain,A moderate breeze from the south south west,SSW,SSW,South South Westerly,25,16,2022-07-17T07:00:00+10:00,2022-07-17T09:10:34.332+10:00,2643743
Light rain showers and a moderate breeze,9,6,43,39,24,76,2022-07-19,34,Chance of precipitation,1025,9,48,02:00,1,Moderate,9,Light Rain Showers,A moderate breeze from the south south west,SSW,SSW,South South Westerly,25,15,2022-07-17T07:00:00+10:00,2022-07-17T09:10:34.332+10:00,2643743
Light rain showers and a moderate breeze,9,6,42,39,24,77,2022-07-19,37,Chance of precipitation,1025,9,47,03:00,1,Moderate,9,Light Rain Showers,A moderate breeze from the south south west,SSW,SSW,South South Westerly,25,15,2022-07-17T07:00:00+10:00,2022-07-17T09:10:34.332+10:00,2643743
Light rain showers and a moderate breeze,9,5,42,39,24,79,2022-07-19,39,Chance of precipitation,1025,8,47,04:00,1,Moderate,9,Light Rain Showers,A moderate breeze from the south south west,SSW,SSW,South South Westerly,25,15,2022-07-17T07:00:00+10:00,2022-07-17T09:10:34.332+10:00,2643743
Light rain showers and a moderate breeze,9,5,41,38,24,80,2022-07-19,40,Chance of precipitation,1025,8,47,05:00,1,Moderate,9,Light Rain Showers,A moderate breeze from the south south west,SSW,SSW,South South Westerly,25,15,2022-07-17T07:00:00+10:00,2022-07-17T09:10:34.332+10:00,2643743
Light rain showers and a moderate breeze,9,5,41,39,24,80,2022-07-19,41,Chance of precipitation,1026,8,47,06:00,1,Moderate,9,Light Rain Showers,A moderate breeze from the south west,SW,SW,South Westerly,24,15,2022-07-17T07:00:00+10:00,2022-07-17T09:10:34.332+10:00,2643743
Light rain showers and a moderate breeze,10,5,42,39,24,81,2022-07-19,41,Chance of precipitation,1027,8,47,07:00,1,Moderate,10,Light Rain Showers,A moderate breeze from the south west,SW,SW,South Westerly,25,15,2022-07-17T07:00:00+10:00,2022-07-17T09:10:34.332+10:00,2643743
Light rain showers and a moderate breeze,10,6,43,40,25,79,2022-07-19,41,Chance of precipitation,1027,9,48,08:00,1,Moderate,10,Light Rain Showers,A moderate breeze from the south south west,SSW,SSW,South South Westerly,25,16,2022-07-17T07:00:00+10:00,2022-07-17T09:10:34.332+10:00,2643743
Light rain showers and a moderate breeze,10,7,45,41,25,77,2022-07-19,41,Chance of precipitation,1028,10,49,09:00,1,Moderate,10,Light Rain Showers,A moderate breeze from the south south west,SSW,SSW,South South Westerly,26,16,2022-07-17T07:00:00+10:00,2022-07-17T09:10:34.332+10:00,2643743
Light rain showers and a moderate breeze,10,9,48,41,26,77,2022-07-19,41,Chance of precipitation,1029,11,51,10:00,1,Moderate,10,Light Rain Showers,A moderate breeze from the south south west,SSW,SSW,South South Westerly,26,16,2022-07-17T07:00:00+10:00,2022-07-17T09:10:34.332+10:00,2643743
Light rain showers and a moderate breeze,10,10,50,41,26,75,2022-07-19,41,Chance of precipitation,1029,12,53,11:00,1,Moderate,10,Light Rain Showers,A moderate breeze from the south south west,SSW,SSW,South South Westerly,27,17,2022-07-17T07:00:00+10:00,2022-07-17T09:10:34.332+10:00,2643743
Light rain showers and a moderate breeze,10,11,53,41,25,72,2022-07-19,41,Chance of precipitation,1029,13,55,12:00,1,Moderate,10,Light Rain Showers,A moderate breeze from the south south west,SSW,SSW,South South Westerly,27,17,2022-07-17T07:00:00+10:00,2022-07-17T09:10:34.332+10:00,2643743
Light rain and a moderate breeze,12,12,54,40,25,70,2022-07-19,41,Chance of precipitation,1029,13,56,13:00,1,Moderate,12,Light Rain,A moderate breeze from the south south west,SSW,SSW,South South Westerly,26,16,2022-07-17T07:00:00+10:00,2022-07-17T09:10:34.332+10:00,2643743
Light rain and a moderate breeze,12,12,54,39,24,69,2022-07-19,42,Chance of precipitation,1028,13,56,14:00,1,Moderate,12,Light Rain,A moderate breeze from the south south west,SSW,SSW,South South Westerly,26,16,2022-07-17T07:00:00+10:00,2022-07-17T09:10:34.332+10:00,2643743
Light rain and a moderate breeze,12,12,54,37,23,72,2022-07-19,42,Chance of precipitation,1028,13,56,15:00,1,Moderate,12,Light Rain,A moderate breeze from the south south west,SSW,SSW,South South Westerly,24,15,2022-07-17T07:00:00+10:00,2022-07-17T09:10:34.332+10:00,2643743
Light rain and a moderate breeze,12,11,52,35,22,76,2022-07-19,42,Chance of precipitation,1028,12,54,16:00,1,Moderate,12,Light Rain,A moderate breeze from the south,S,S,Southerly,23,15,2022-07-17T07:00:00+10:00,2022-07-17T09:10:34.332+10:00,2643743
Light rain showers and a moderate breeze,10,10,50,33,21,81,2022-07-19,42,Chance of precipitation,1029,11,53,17:00,1,Moderate,10,Light Rain Showers,A moderate breeze from the south,S,S,Southerly,22,14,2022-07-17T07:00:00+10:00,2022-07-17T09:10:34.332+10:00,2643743
Light rain showers and a moderate breeze,9,10,49,34,21,84,2022-07-19,43,Chance of precipitation,1029,11,52,18:00,1,Moderate,9,Light Rain Showers,A moderate breeze from the south,S,S,Southerly,21,13,2022-07-17T07:00:00+10:00,2022-07-17T09:10:34.332+10:00,2643743
Light rain showers and a moderate breeze,9,9,49,34,21,88,2022-07-19,43,Chance of precipitation,1029,11,51,19:00,1,Moderate,9,Light Rain Showers,A moderate breeze from the south,S,S,Southerly,21,13,2022-07-17T07:00:00+10:00,2022-07-17T09:10:34.332+10:00,2643743
Light rain showers and a moderate breeze,9,9,48,34,21,91,2022-07-19,43,Chance of precipitation,1030,10,51,20:00,1,Moderate,9,Light Rain Showers,A moderate breeze from the south,S,S,Southerly,21,13,2022-07-17T07:00:00+10:00,2022-07-17T09:10:34.332+10:00,2643743
Light rain showers and a moderate breeze,9,9,48,34,21,92,2022-07-19,43,Chance of precipitation,1030,10,51,21:00,1,Moderate,9,Light Rain Showers,A moderate breeze from the south,S,S,Southerly,21,13,2022-07-17T07:00:00+10:00,2022-07-17T09:10:34.332+10:00,2643743
Light rain showers and a moderate breeze,9,9,48,34,21,91,2022-07-19,44,Chance of precipitation,1031,10,50,22:00,1,Moderate,9,Light Rain Showers,A moderate breeze from the south,S,S,Southerly,21,13,2022-07-17T07:00:00+10:00,2022-07-17T09:10:34.332+10:00,2643743
Light rain showers and a moderate breeze,9,9,48,33,21,90,2022-07-19,44,Chance of precipitation,1030,10,51,23:00,1,Moderate,9,Light Rain Showers,A moderate breeze from the south,S,S,Southerly,20,13,2022-07-17T07:00:00+10:00,2022-07-17T09:10:34.332+10:00,2643743
Light rain showers and a gentle breeze,9,9,48,33,20,88,2022-07-20,44,Chance of precipitation,1030,10,51,00:00,1,Moderate,9,Light Rain Showers,A gentle breeze from the south south west,SSW,SSW,South South Westerly,20,12,2022-07-17T07:00:00+10:00,2022-07-17T09:10:34.332+10:00,2643743
Light rain showers and a gentle breeze,9,9,47,32,20,87,2022-07-20,45,Chance of precipitation,1030,10,50,01:00,1,Moderate,9,Light Rain Showers,A gentle breeze from the south south west,SSW,SSW,South South Westerly,20,12,2022-07-17T07:00:00+10:00,2022-07-17T09:10:34.332+10:00,2643743
Light rain showers and a gentle breeze,9,9,47,31,19,86,2022-07-20,45,Chance of precipitation,1030,10,50,02:00,1,Moderate,9,Light Rain Showers,A gentle breeze from the south south west,SSW,SSW,South South Westerly,19,12,2022-07-17T07:00:00+10:00,2022-07-17T09:10:34.332+10:00,2643743
Light rain showers and a gentle breeze,9,9,47,31,19,85,2022-07-20,45,Chance of precipitation,1029,10,50,03:00,1,Moderate,9,Light Rain Showers,A gentle breeze from the south south west,SSW,SSW,South South Westerly,18,11,2022-07-17T07:00:00+10:00,2022-07-17T09:10:34.332+10:00,2643743
Light rain showers and a gentle breeze,9,8,47,31,19,85,2022-07-20,45,Chance of precipitation,1029,10,50,04:00,1,Moderate,9,Light Rain Showers,A gentle breeze from the south south west,SSW,SSW,South South Westerly,18,11,2022-07-17T07:00:00+10:00,2022-07-17T09:10:34.332+10:00,2643743
Light rain showers and a gentle breeze,9,8,47,31,19,86,2022-07-20,45,Chance of precipitation,1030,10,50,05:00,1,Moderate,9,Light Rain Showers,A gentle breeze from the south south west,SSW,SSW,South South Westerly,18,11,2022-07-17T07:00:00+10:00,2022-07-17T09:10:34.332+10:00,2643743
Light rain and a gentle breeze,39,8,47,31,19,86,2022-07-20,45,Chance of precipitation,1030,10,49,06:00,1,Moderate,12,Light Rain,A gentle breeze from the south south west,SSW,SSW,South South Westerly,18,11,2022-07-17T07:00:00+10:00,2022-07-17T09:10:34.332+10:00,2643743
Light rain and a gentle breeze,12,8,47,32,20,87,2022-07-20,44,Chance of precipitation,1031,10,50,07:00,1,Moderate,12,Light Rain,A gentle breeze from the south south west,SSW,SSW,South South Westerly,19,12,2022-07-17T07:00:00+10:00,2022-07-17T09:10:34.332+10:00,2643743
Light rain and a gentle breeze,12,9,47,33,20,85,2022-07-20,43,Chance of precipitation,1031,10,50,08:00,1,Moderate,12,Light Rain,A gentle breeze from the south south west,SSW,SSW,South South Westerly,19,12,2022-07-17T07:00:00+10:00,2022-07-17T09:10:34.332+10:00,2643743
Light rain and a gentle breeze,12,10,49,34,21,83,2022-07-20,43,Chance of precipitation,1032,11,52,09:00,1,Moderate,12,Light Rain,A gentle breeze from the south south west,SSW,SSW,South South Westerly,20,12,2022-07-17T07:00:00+10:00,2022-07-17T09:10:34.332+10:00,2643743
Light rain and a moderate breeze,12,11,52,34,21,82,2022-07-20,42,Chance of precipitation,1032,12,53,10:00,1,Moderate,12,Light Rain,A moderate breeze from the south south west,SSW,SSW,South South Westerly,21,13,2022-07-17T07:00:00+10:00,2022-07-17T09:10:34.332+10:00,2643743
Light rain and a moderate breeze,12,12,54,34,21,79,2022-07-20,41,Chance of precipitation,1032,13,55,11:00,1,Moderate,12,Light Rain,A moderate breeze from the south south west,SSW,SSW,South South Westerly,21,13,2022-07-17T07:00:00+10:00,2022-07-17T09:10:34.332+10:00,2643743
Light rain showers and a moderate breeze,10,13,56,34,21,75,2022-07-20,40,Chance of precipitation,1032,14,57,12:00,1,Moderate,10,Light Rain Showers,A moderate breeze from the south south west,SSW,SSW,South South Westerly,21,13,2022-07-17T07:00:00+10:00,2022-07-17T09:10:34.332+10:00,2643743
Light rain showers and a moderate breeze,10,14,58,33,21,72,2022-07-20,39,Chance of precipitation,1032,15,58,13:00,1,Moderate,10,Light Rain Showers,A moderate breeze from the south south west,SSW,SSW,South South Westerly,21,13,2022-07-17T07:00:00+10:00,2022-07-17T09:10:34.332+10:00,2643743
Light rain showers and a moderate breeze,10,14,58,32,20,71,2022-07-20,38,Chance of precipitation,1031,15,58,14:00,1,Moderate,10,Light Rain Showers,A moderate breeze from the south south west,SSW,SSW,South South Westerly,21,13,2022-07-17T07:00:00+10:00,2022-07-17T09:10:34.332+10:00,2643743
Light rain showers and a gentle breeze,10,14,57,31,19,73,2022-07-20,37,Chance of precipitation,1031,14,58,15:00,1,Moderate,10,Light Rain Showers,A gentle breeze from the south,S,S,Southerly,20,12,2022-07-17T07:00:00+10:00,2022-07-17T09:10:34.332+10:00,2643743
Light rain showers and a gentle breeze,10,13,55,29,18,76,2022-07-20,37,Chance of precipitation,1031,13,56,16:00,1,Moderate,10,Light Rain Showers,A gentle breeze from the south,S,S,Southerly,19,12,2022-07-17T07:00:00+10:00,2022-07-17T09:10:34.332+10:00,2643743
Light rain showers and a gentle breeze,10,12,54,27,17,81,2022-07-20,36,Chance of precipitation,1031,13,55,17:00,1,Moderate,10,Light Rain Showers,A gentle breeze from the south,S,S,Southerly,17,11,2022-07-17T07:00:00+10:00,2022-07-17T09:10:34.332+10:00,2643743
Light rain showers and a gentle breeze,9,12,53,27,17,85,2022-07-20,36,Chance of precipitation,1031,12,54,18:00,1,Moderate,9,Light Rain Showers,A gentle breeze from the south,S,S,Southerly,16,10,2022-07-17T07:00:00+10:00,2022-07-17T09:10:34.332+10:00,2643743
Light rain showers and a gentle breeze,9,11,53,27,17,89,2022-07-20,36,Chance of precipitation,1031,12,53,19:00,1,Moderate,9,Light Rain Showers,A gentle breeze from the south,S,S,Southerly,16,10,2022-07-17T07:00:00+10:00,2022-07-17T09:10:34.332+10:00,2643743
Light rain showers and a gentle breeze,9,11,52,27,17,91,2022-07-20,35,Chance of precipitation,1031,12,53,20:00,1,Moderate,9,Light Rain Showers,A gentle breeze from the south,S,S,Southerly,16,10,2022-07-17T07:00:00+10:00,2022-07-17T09:10:34.332+10:00,2643743
Light rain showers and a gentle breeze,9,11,52,27,17,91,2022-07-20,35,Chance of precipitation,1032,11,53,21:00,1,Moderate,9,Light Rain Showers,A gentle breeze from the south south east,SSE,SSE,South South Easterly,16,10,2022-07-17T07:00:00+10:00,2022-07-17T09:10:34.332+10:00,2643743
Light rain showers and a gentle breeze,9,11,51,27,17,91,2022-07-20,34,Chance of precipitation,1032,11,53,22:00,1,Moderate,9,Light Rain Showers,A gentle breeze from the south south east,SSE,SSE,South South Easterly,16,10,2022-07-17T07:00:00+10:00,2022-07-17T09:10:34.332+10:00,2643743
Light rain showers and a gentle breeze,9,11,51,27,17,89,2022-07-20,32,Chance of precipitation,1031,11,53,23:00,1,Moderate,9,Light Rain Showers,A gentle breeze from the south south east,SSE,SSE,South South Easterly,16,10,2022-07-17T07:00:00+10:00,2022-07-17T09:10:34.332+10:00,2643743
Light rain showers and a gentle breeze,9,11,51,27,17,87,2022-07-21,30,Low chance of precipitation,1031,11,53,00:00,1,Moderate,9,Light Rain Showers,A gentle breeze from the south south east,SSE,SSE,South South Easterly,16,10,2022-07-17T07:00:00+10:00,2022-07-17T09:10:34.332+10:00,2643743
Light cloud and a gentle breeze,36,11,51,26,16,85,2022-07-21,28,Low chance of precipitation,1031,11,53,01:00,1,Moderate,7,Light Cloud,A gentle breeze from the south south east,SSE,SSE,South South Easterly,16,10,2022-07-17T07:00:00+10:00,2022-07-17T09:10:34.332+10:00,2643743
Light cloud and a gentle breeze,36,10,51,25,16,84,2022-07-21,26,Low chance of precipitation,1031,11,52,02:00,1,Moderate,7,Light Cloud,A gentle breeze from the south south east,SSE,SSE,South South Easterly,15,9,2022-07-17T07:00:00+10:00,2022-07-17T09:10:34.332+10:00,2643743
Light cloud and a gentle breeze,36,10,51,26,16,83,2022-07-21,25,Low chance of precipitation,1031,11,52,03:00,1,Moderate,7,Light Cloud,A gentle breeze from the south south east,SSE,SSE,South South Easterly,15,9,2022-07-17T07:00:00+10:00,2022-07-17T09:10:34.332+10:00,2643743
Light cloud and a gentle breeze,36,10,51,26,16,81,2022-07-21,24,Low chance of precipitation,1031,11,52,04:00,1,Moderate,7,Light Cloud,A gentle breeze from the south south east,SSE,SSE,South South Easterly,15,9,2022-07-17T07:00:00+10:00,2022-07-17T09:10:34.332+10:00,2643743
Light rain showers and a gentle breeze,9,10,50,26,16,81,2022-07-21,24,Low chance of precipitation,1031,11,52,05:00,1,Moderate,9,Light Rain Showers,A gentle breeze from the south south east,SSE,SSE,South South Easterly,15,9,2022-07-17T07:00:00+10:00,2022-07-17T09:10:34.332+10:00,2643743
Light rain showers and a gentle breeze,9,10,50,27,17,82,2022-07-21,25,Low chance of precipitation,1032,11,52,06:00,1,Moderate,9,Light Rain Showers,A gentle breeze from the south east,SE,SE,South Easterly,15,10,2022-07-17T07:00:00+10:00,2022-07-17T09:10:34.332+10:00,2643743
Light rain showers and a gentle breeze,10,10,50,28,17,83,2022-07-21,27,Low chance of precipitation,1032,11,52,07:00,1,Moderate,10,Light Rain Showers,A gentle breeze from the south east,SE,SE,South Easterly,16,10,2022-07-17T07:00:00+10:00,2022-07-17T09:10:34.332+10:00,2643743
Light rain showers and a gentle breeze,10,10,51,29,18,83,2022-07-21,29,Low chance of precipitation,1033,11,52,08:00,1,Moderate,10,Light Rain Showers,A gentle breeze from the south east,SE,SE,South Easterly,16,10,2022-07-17T07:00:00+10:00,2022-07-17T09:10:34.332+10:00,2643743
Light rain showers and a gentle breeze,10,11,52,30,19,80,2022-07-21,32,Chance of precipitation,1033,12,54,09:00,1,Moderate,10,Light Rain Showers,A gentle breeze from the south east,SE,SE,South Easterly,17,11,2022-07-17T07:00:00+10:00,2022-07-17T09:10:34.332+10:00,2643743
Light rain showers and a gentle breeze,10,13,55,30,19,76,2022-07-21,35,Chance of precipitation,1034,13,56,10:00,1,Moderate,10,Light Rain Showers,A gentle breeze from the south east,SE,SE,South Easterly,18,11,2022-07-17T07:00:00+10:00,2022-07-17T09:10:34.332+10:00,2643743
Light rain showers and a gentle breeze,10,14,57,31,19,72,2022-07-21,38,Chance of precipitation,1033,14,57,11:00,1,Moderate,10,Light Rain Showers,A gentle breeze from the south east,SE,SE,South Easterly,18,11,2022-07-17T07:00:00+10:00,2022-07-17T09:10:34.332+10:00,2643743
Light rain showers and a gentle breeze,10,15,59,31,19,68,2022-07-21,42,Chance of precipitation,1033,15,59,12:00,1,Moderate,10,Light Rain Showers,A gentle breeze from the south east,SE,SE,South Easterly,18,11,2022-07-17T07:00:00+10:00,2022-07-17T09:10:34.332+10:00,2643743
Light rain showers and a gentle breeze,10,15,60,31,19,65,2022-07-21,46,Chance of precipitation,1032,16,60,13:00,1,Moderate,10,Light Rain Showers,A gentle breeze from the south east,SE,SE,South Easterly,19,12,2022-07-17T07:00:00+10:00,2022-07-17T09:10:34.332+10:00,2643743
Light rain showers and a gentle breeze,10,16,60,31,19,65,2022-07-21,49,Chance of precipitation,1032,16,60,14:00,1,Moderate,10,Light Rain Showers,A gentle breeze from the south east,SE,SE,South Easterly,19,12,2022-07-17T07:00:00+10:00,2022-07-17T09:10:34.332+10:00,2643743
Light rain showers and a gentle breeze,10,15,60,30,19,66,2022-07-21,52,Chance of precipitation,1032,15,60,15:00,1,Moderate,10,Light Rain Showers,A gentle breeze from the south east,SE,SE,South Easterly,19,12,2022-07-17T07:00:00+10:00,2022-07-17T09:10:34.332+10:00,2643743
Light rain showers and a gentle breeze,10,15,58,29,18,70,2022-07-21,54,Chance of precipitation,1031,15,59,16:00,1,Moderate,10,Light Rain Showers,A gentle breeze from the south east,SE,SE,South Easterly,18,11,2022-07-17T07:00:00+10:00,2022-07-17T09:10:34.332+10:00,2643743
Light rain showers and a gentle breeze,10,14,57,27,17,74,2022-07-21,55,Chance of precipitation,1031,14,58,17:00,1,Moderate,10,Light Rain Showers,A gentle breeze from the east south east,ESE,ESE,East South Easterly,17,11,2022-07-17T07:00:00+10:00,2022-07-17T09:10:34.332+10:00,2643743
Light rain showers and a gentle breeze,9,14,57,27,17,76,2022-07-21,54,Chance of precipitation,1032,14,57,18:00,1,Moderate,9,Light Rain Showers,A gentle breeze from the east south east,ESE,ESE,East South Easterly,16,10,2022-07-17T07:00:00+10:00,2022-07-17T09:10:34.332+10:00,2643743
Light rain showers and a gentle breeze,9,13,56,27,17,78,2022-07-21,54,Chance of precipitation,1032,14,57,19:00,1,Moderate,9,Light Rain Showers,A gentle breeze from the east south east,ESE,ESE,East South Easterly,16,10,2022-07-17T07:00:00+10:00,2022-07-17T09:10:34.332+10:00,2643743
Light rain showers and a gentle breeze,9,13,56,27,17,79,2022-07-21,53,Chance of precipitation,1032,14,57,20:00,1,Moderate,9,Light Rain Showers,A gentle breeze from the east south east,ESE,ESE,East South Easterly,17,10,2022-07-17T07:00:00+10:00,2022-07-17T09:10:34.332+10:00,2643743
Light rain showers and a gentle breeze,9,13,55,27,17,80,2022-07-21,52,Chance of precipitation,1033,13,56,21:00,1,Moderate,9,Light Rain Showers,A gentle breeze from the east south east,ESE,ESE,East South Easterly,17,10,2022-07-17T07:00:00+10:00,2022-07-17T09:10:34.332+10:00,2643743
Light rain showers and a gentle breeze,9,13,55,27,17,80,2022-07-21,51,Chance of precipitation,1033,13,56,22:00,1,Moderate,9,Light Rain Showers,A gentle breeze from the east south east,ESE,ESE,East South Easterly,17,11,2022-07-17T07:00:00+10:00,2022-07-17T09:10:34.332+10:00,2643743
Light rain showers and a gentle breeze,9,13,55,27,17,81,2022-07-21,52,Chance of precipitation,1033,13,55,23:00,1,Moderate,9,Light Rain Showers,A gentle breeze from the east south east,ESE,ESE,East South Easterly,17,10,2022-07-17T07:00:00+10:00,2022-07-17T09:10:34.332+10:00,2643743
Light rain showers and a gentle breeze,9,12,54,28,17,81,2022-07-22,53,Chance of precipitation,1032,13,55,00:00,1,Moderate,9,Light Rain Showers,A gentle breeze from the east south east,ESE,ESE,East South Easterly,17,10,2022-07-17T07:00:00+10:00,2022-07-17T09:10:34.332+10:00,2643743
Light rain showers and a gentle breeze,9,12,54,27,17,82,2022-07-22,55,Chance of precipitation,1032,13,55,01:00,1,Moderate,9,Light Rain Showers,A gentle breeze from the east south east,ESE,ESE,East South Easterly,16,10,2022-07-17T07:00:00+10:00,2022-07-17T09:10:34.332+10:00,2643743
Light rain showers and a gentle breeze,9,12,53,27,17,82,2022-07-22,56,Chance of precipitation,1032,12,54,02:00,1,Moderate,9,Light Rain Showers,A gentle breeze from the east south east,ESE,ESE,East South Easterly,16,10,2022-07-17T07:00:00+10:00,2022-07-17T09:10:34.332+10:00,2643743
Light rain showers and a gentle breeze,9,12,53,28,17,82,2022-07-22,58,Chance of precipitation,1031,12,54,03:00,1,Moderate,9,Light Rain Showers,A gentle breeze from the east south east,ESE,ESE,East South Easterly,16,10,2022-07-17T07:00:00+10:00,2022-07-17T09:10:34.332+10:00,2643743
Light rain showers and a gentle breeze,9,12,53,28,17,82,2022-07-22,59,Chance of precipitation,1031,12,54,04:00,1,Moderate,9,Light Rain Showers,A gentle breeze from the east south east,ESE,ESE,East South Easterly,16,10,2022-07-17T07:00:00+10:00,2022-07-17T09:10:34.332+10:00,2643743
Light rain showers and a gentle breeze,9,11,52,28,17,82,2022-07-22,59,Chance of precipitation,1031,12,54,05:00,1,Moderate,9,Light Rain Showers,A gentle breeze from the east south east,ESE,ESE,East South Easterly,16,10,2022-07-17T07:00:00+10:00,2022-07-17T09:10:34.332+10:00,2643743
Light rain showers and a gentle breeze,9,11,52,28,18,83,2022-07-22,59,Chance of precipitation,1032,12,53,06:00,1,Moderate,9,Light Rain Showers,A gentle breeze from the east south east,ESE,ESE,East South Easterly,16,10,2022-07-17T07:00:00+10:00,2022-07-17T09:10:34.332+10:00,2643743
Light rain showers and a gentle breeze,10,11,52,29,18,83,2022-07-22,59,Chance of precipitation,1032,12,54,07:00,1,Moderate,10,Light Rain Showers,A gentle breeze from the east south east,ESE,ESE,East South Easterly,17,10,2022-07-17T07:00:00+10:00,2022-07-17T09:10:34.332+10:00,2643743
Light rain showers and a gentle breeze,10,12,53,30,19,82,2022-07-22,58,Chance of precipitation,1032,13,55,08:00,1,Moderate,10,Light Rain Showers,A gentle breeze from the east south east,ESE,ESE,East South Easterly,17,11,2022-07-17T07:00:00+10:00,2022-07-17T09:10:34.332+10:00,2643743
Light rain showers and a gentle breeze,10,13,56,31,19,80,2022-07-22,57,Chance of precipitation,1032,13,56,09:00,1,Moderate,10,Light Rain Showers,A gentle breeze from the east south east,ESE,ESE,East South Easterly,18,11,2022-07-17T07:00:00+10:00,2022-07-17T09:10:34.332+10:00,2643743
Light rain showers and a gentle breeze,10,15,59,32,20,76,2022-07-22,55,Chance of precipitation,1032,15,59,10:00,1,Moderate,10,Light Rain Showers,A gentle breeze from the east south east,ESE,ESE,East South Easterly,19,12,2022-07-17T07:00:00+10:00,2022-07-17T09:10:34.332+10:00,2643743
Light rain showers and a gentle breeze,10,16,61,32,20,70,2022-07-22,52,Chance of precipitation,1032,16,60,11:00,1,Moderate,10,Light Rain Showers,A gentle breeze from the east south east,ESE,ESE,East South Easterly,20,12,2022-07-17T07:00:00+10:00,2022-07-17T09:10:34.332+10:00,2643743
Light rain showers and a gentle breeze,10,17,62,33,20,65,2022-07-22,48,Chance of precipitation,1032,17,62,12:00,1,Moderate,10,Light Rain Showers,A gentle breeze from the south east,SE,SE,South Easterly,20,12,2022-07-17T07:00:00+10:00,2022-07-17T09:10:34.332+10:00,2643743
Light rain showers and a moderate breeze,10,17,63,32,20,62,2022-07-22,44,Chance of precipitation,1031,17,63,13:00,1,Moderate,10,Light Rain Showers,A moderate breeze from the south east,SE,SE,South Easterly,20,13,2022-07-17T07:00:00+10:00,2022-07-17T09:10:34.332+10:00,2643743
Light rain showers and a moderate breeze,10,17,63,32,20,60,2022-07-22,40,Chance of precipitation,1031,17,63,14:00,1,Moderate,10,Light Rain Showers,A moderate breeze from the south east,SE,SE,South Easterly,20,13,2022-07-17T07:00:00+10:00,2022-07-17T09:10:34.332+10:00,2643743
Light rain showers and a gentle breeze,10,17,62,31,19,61,2022-07-22,36,Chance of precipitation,1030,17,62,15:00,1,Moderate,10,Light Rain Showers,A gentle breeze from the east south east,ESE,ESE,East South Easterly,20,12,2022-07-17T07:00:00+10:00,2022-07-17T09:10:34.332+10:00,2643743
Light rain showers and a gentle breeze,10,16,61,30,19,64,2022-07-22,33,Chance of precipitation,1030,16,61,16:00,1,Moderate,10,Light Rain Showers,A gentle breeze from the east south east,ESE,ESE,East South Easterly,19,12,2022-07-17T07:00:00+10:00,2022-07-17T09:10:34.332+10:00,2643743
Light rain showers and a gentle breeze,10,15,59,28,18,67,2022-07-22,32,Chance of precipitation,1030,15,59,17:00,1,Moderate,10,Light Rain Showers,A gentle breeze from the east south east,ESE,ESE,East South Easterly,18,11,2022-07-17T07:00:00+10:00,2022-07-17T09:10:34.332+10:00,2643743
Light rain showers and a gentle breeze,9,15,59,29,18,70,2022-07-22,31,Chance of precipitation,1030,15,59,18:00,1,Moderate,9,Light Rain Showers,A gentle breeze from the east south east,ESE,ESE,East South Easterly,17,11,2022-07-17T07:00:00+10:00,2022-07-17T09:10:34.332+10:00,2643743
Light rain showers and a gentle breeze,9,15,59,29,18,72,2022-07-22,31,Chance of precipitation,1030,15,59,19:00,1,Moderate,9,Light Rain Showers,A gentle breeze from the east south east,ESE,ESE,East South Easterly,17,11,2022-07-17T07:00:00+10:00,2022-07-17T09:10:34.332+10:00,2643743
Light rain showers and a gentle breeze,9,15,58,29,18,73,2022-07-22,31,Chance of precipitation,1030,15,58,20:00,1,Moderate,9,Light Rain Showers,A gentle breeze from the east south east,ESE,ESE,East South Easterly,17,11,2022-07-17T07:00:00+10:00,2022-07-17T09:10:34.332+10:00,2643743
Light rain showers and a gentle breeze,9,14,58,29,18,75,2022-07-22,31,Chance of precipitation,1030,14,58,21:00,1,Moderate,9,Light Rain Showers,A gentle breeze from the east south east,ESE,ESE,East South Easterly,17,11,2022-07-17T07:00:00+10:00,2022-07-17T09:10:34.332+10:00,2643743
Light rain showers and a gentle breeze,9,14,57,29,18,76,2022-07-22,31,Chance of precipitation,1030,14,57,22:00,1,Moderate,9,Light Rain Showers,A gentle breeze from the east south east,ESE,ESE,East South Easterly,17,11,2022-07-17T07:00:00+10:00,2022-07-17T09:10:34.332+10:00,2643743
Light rain showers and a gentle breeze,9,13,56,28,18,78,2022-07-22,31,Chance of precipitation,1030,14,57,23:00,1,Moderate,9,Light Rain Showers,A gentle breeze from the east south east,ESE,ESE,East South Easterly,17,10,2022-07-17T07:00:00+10:00,2022-07-17T09:10:34.332+10:00,2643743
Light rain showers and a gentle breeze,9,13,55,28,17,79,2022-07-23,31,Chance of precipitation,1029,13,56,00:00,1,Moderate,9,Light Rain Showers,A gentle breeze from the east south east,ESE,ESE,East South Easterly,17,10,2022-07-17T07:00:00+10:00,2022-07-17T09:10:34.332+10:00,2643743
Light rain showers and a gentle breeze,9,12,54,27,17,80,2022-07-23,30,Low chance of precipitation,1029,13,55,01:00,1,Moderate,9,Light Rain Showers,A gentle breeze from the east south east,ESE,ESE,East South Easterly,16,10,2022-07-17T07:00:00+10:00,2022-07-17T09:10:34.332+10:00,2643743
Light rain showers and a gentle breeze,9,12,54,26,16,81,2022-07-23,30,Low chance of precipitation,1029,13,55,02:00,1,Moderate,9,Light Rain Showers,A gentle breeze from the east south east,ESE,ESE,East South Easterly,16,10,2022-07-17T07:00:00+10:00,2022-07-17T09:10:34.332+10:00,2643743
Light rain showers and a gentle breeze,9,12,53,26,16,82,2022-07-23,30,Low chance of precipitation,1028,12,54,03:00,1,Moderate,9,Light Rain Showers,A gentle breeze from the east south east,ESE,ESE,East South Easterly,15,9,2022-07-17T07:00:00+10:00,2022-07-17T09:10:34.332+10:00,2643743
Light rain showers and a gentle breeze,9,11,53,26,16,83,2022-07-23,30,Low chance of precipitation,1028,12,54,04:00,1,Moderate,9,Light Rain Showers,A gentle breeze from the east,E,E,Easterly,15,9,2022-07-17T07:00:00+10:00,2022-07-17T09:10:34.332+10:00,2643743
Light rain showers and a gentle breeze,9,11,52,26,16,84,2022-07-23,31,Chance of precipitation,1028,12,53,05:00,1,Moderate,9,Light Rain Showers,A gentle breeze from the east,E,E,Easterly,15,9,2022-07-17T07:00:00+10:00,2022-07-17T09:10:34.332+10:00,2643743
Light rain showers and a gentle breeze,9,11,51,26,16,84,2022-07-23,32,Chance of precipitation,1028,11,53,06:00,1,Moderate,9,Light Rain Showers,A gentle breeze from the east,E,E,Easterly,15,9,2022-07-17T07:00:00+10:00,2022-07-17T09:10:34.332+10:00,2643743
Light rain showers and a gentle breeze,10,11,51,27,17,84,2022-07-23,33,Chance of precipitation,1028,12,53,07:00,1,Moderate,10,Light Rain Showers,A gentle breeze from the east,E,E,Easterly,15,9,2022-07-17T07:00:00+10:00,2022-07-17T09:10:34.332+10:00,2643743
Light rain showers and a gentle breeze,10,12,53,27,17,82,2022-07-23,33,Chance of precipitation,1028,12,54,08:00,1,Moderate,10,Light Rain Showers,A gentle breeze from the east,E,E,Easterly,15,9,2022-07-17T07:00:00+10:00,2022-07-17T09:10:34.332+10:00,2643743
Light rain showers and a gentle breeze,10,13,55,27,17,78,2022-07-23,34,Chance of precipitation,1029,13,56,09:00,1,Moderate,10,Light Rain Showers,A gentle breeze from the east,E,E,Easterly,15,9,2022-07-17T07:00:00+10:00,2022-07-17T09:10:34.332+10:00,2643743
Light rain and a gentle breeze,12,15,58,27,17,73,2022-07-23,34,Chance of precipitation,1029,15,58,10:00,1,Moderate,12,Light Rain,A gentle breeze from the east south east,ESE,ESE,East South Easterly,15,9,2022-07-17T07:00:00+10:00,2022-07-17T09:10:34.332+10:00,2643743
Light rain and a gentle breeze,12,16,61,27,17,67,2022-07-23,33,Chance of precipitation,1028,16,60,11:00,1,Moderate,12,Light Rain,A gentle breeze from the east south east,ESE,ESE,East South Easterly,15,9,2022-07-17T07:00:00+10:00,2022-07-17T09:10:34.332+10:00,2643743
Light rain showers and a gentle breeze,10,17,63,27,17,63,2022-07-23,31,Chance of precipitation,1028,17,62,12:00,1,Good,10,Light Rain Showers,A gentle breeze from the south east,SE,SE,South Easterly,15,10,2022-07-17T07:00:00+10:00,2022-07-17T09:10:34.332+10:00,2643743
Light cloud and a gentle breeze,7,18,64,27,17,59,2022-07-23,29,Low chance of precipitation,1027,17,63,13:00,1,Good,7,Light Cloud,A gentle breeze from the south east,SE,SE,South Easterly,16,10,2022-07-17T07:00:00+10:00,2022-07-17T09:10:34.332+10:00,2643743
Sunny intervals and a gentle breeze,3,18,64,27,17,58,2022-07-23,26,Low chance of precipitation,1026,18,64,14:00,1,Good,3,Sunny Intervals,A gentle breeze from the south east,SE,SE,South Easterly,16,10,2022-07-17T07:00:00+10:00,2022-07-17T09:10:34.332+10:00,2643743
Sunny intervals and a gentle breeze,3,17,63,25,16,59,2022-07-23,24,Low chance of precipitation,1026,17,63,15:00,1,Good,3,Sunny Intervals,A gentle breeze from the east south east,ESE,ESE,East South Easterly,15,9,2022-07-17T07:00:00+10:00,2022-07-17T09:10:34.332+10:00,2643743
Sunny intervals and a gentle breeze,3,17,62,24,15,62,2022-07-23,22,Low chance of precipitation,1025,16,61,16:00,1,Good,3,Sunny Intervals,A gentle breeze from the east south east,ESE,ESE,East South Easterly,14,9,2022-07-17T07:00:00+10:00,2022-07-17T09:10:34.332+10:00,2643743
Sunny intervals and a gentle breeze,3,16,60,22,14,66,2022-07-23,21,Low chance of precipitation,1025,16,60,17:00,1,Good,3,Sunny Intervals,A gentle breeze from the east south east,ESE,ESE,East South Easterly,13,8,2022-07-17T07:00:00+10:00,2022-07-17T09:10:34.332+10:00,2643743
Partly cloudy and light winds,2,15,60,22,13,69,2022-07-23,20,Low chance of precipitation,1025,15,59,18:00,1,Moderate,2,Partly Cloudy,Light winds from the east south east,ESE,ESE,East South Easterly,12,7,2022-07-17T07:00:00+10:00,2022-07-17T09:10:34.332+10:00,2643743
Partly cloudy and light winds,2,15,59,22,14,72,2022-07-23,20,Low chance of precipitation,1025,15,59,19:00,1,Moderate,2,Partly Cloudy,Light winds from the east south east,ESE,ESE,East South Easterly,12,7,2022-07-17T07:00:00+10:00,2022-07-17T09:10:34.332+10:00,2643743
Light cloud and light winds,36,15,59,22,14,73,2022-07-23,19,Low chance of precipitation,1025,15,58,20:00,1,Moderate,7,Light Cloud,Light winds from the south east,SE,SE,South Easterly,11,7,2022-07-17T07:00:00+10:00,2022-07-17T09:10:34.332+10:00,2643743
Partly cloudy and light winds,2,14,58,22,14,75,2022-07-23,19,Low chance of precipitation,1026,14,58,21:00,1,Moderate,2,Partly Cloudy,Light winds from the south east,SE,SE,South Easterly,11,7,2022-07-17T07:00:00+10:00,2022-07-17T09:10:34.332+10:00,2643743
Light cloud and light winds,36,14,57,22,14,77,2022-07-23,19,Low chance of precipitation,1026,14,57,22:00,1,Moderate,7,Light Cloud,Light winds from the south east,SE,SE,South Easterly,11,7,2022-07-17T07:00:00+10:00,2022-07-17T09:10:34.332+10:00,2643743
Light cloud and light winds,36,13,56,22,14,78,2022-07-23,18,Low chance of precipitation,1025,13,56,23:00,1,Moderate,7,Light Cloud,Light winds from the south south east,SSE,SSE,South South Easterly,11,7,2022-07-17T07:00:00+10:00,2022-07-17T09:10:34.332+10:00,2643743
Partly cloudy and light winds,2,13,55,22,13,79,2022-07-24,18,Low chance of precipitation,1025,13,55,00:00,1,Moderate,2,Partly Cloudy,Light winds from the south,S,S,Southerly,11,7,2022-07-17T07:00:00+10:00,2022-07-17T09:10:34.332+10:00,2643743
Light cloud and light winds,36,12,54,21,13,81,2022-07-24,18,Low chance of precipitation,1024,12,54,01:00,1,Moderate,7,Light Cloud,Light winds from the south south west,SSW,SSW,South South Westerly,12,7,2022-07-17T07:00:00+10:00,2022-07-17T09:10:34.332+10:00,2643743
Light cloud and light winds,36,12,53,21,13,82,2022-07-24,18,Low chance of precipitation,1024,12,54,02:00,1,Moderate,7,Light Cloud,Light winds from the west south west,WSW,WSW,West South Westerly,11,7,2022-07-17T07:00:00+10:00,2022-07-17T09:10:34.332+10:00,2643743
Light cloud and light winds,36,11,53,21,13,83,2022-07-24,18,Low chance of precipitation,1024,12,53,03:00,1,Moderate,7,Light Cloud,Light winds from the west south west,WSW,WSW,West South Westerly,11,7,2022-07-17T07:00:00+10:00,2022-07-17T09:10:34.332+10:00,2643743
Partly cloudy and light winds,2,11,51,21,13,83,2022-07-24,17,Low chance of precipitation,1023,11,53,04:00,1,Moderate,2,Partly Cloudy,Light winds from the west,W,W,Westerly,12,7,2022-07-17T07:00:00+10:00,2022-07-17T09:10:34.332+10:00,2643743
Partly cloudy and light winds,2,10,51,21,13,84,2022-07-24,17,Low chance of precipitation,1024,11,52,05:00,1,Moderate,2,Partly Cloudy,Light winds from the west,W,W,Westerly,12,7,2022-07-17T07:00:00+10:00,2022-07-17T09:10:34.332+10:00,2643743
Partly cloudy and light winds,2,10,50,21,13,85,2022-07-24,16,Low chance of precipitation,1024,11,52,06:00,1,Moderate,2,Partly Cloudy,Light winds from the west,W,W,Westerly,12,7,2022-07-17T07:00:00+10:00,2022-07-17T09:10:34.332+10:00,2643743
Light cloud and a gentle breeze,7,10,51,22,13,85,2022-07-24,15,Low chance of precipitation,1024,11,52,07:00,1,Moderate,7,Light Cloud,A gentle breeze from the west,W,W,Westerly,12,8,2022-07-17T07:00:00+10:00,2022-07-17T09:10:34.332+10:00,2643743
Light cloud and a gentle breeze,7,11,52,22,14,83,2022-07-24,15,Low chance of precipitation,1024,12,53,08:00,1,Moderate,7,Light Cloud,A gentle breeze from the west,W,W,Westerly,12,8,2022-07-17T07:00:00+10:00,2022-07-17T09:10:34.332+10:00,2643743
Sunny intervals and a gentle breeze,3,12,54,22,14,79,2022-07-24,14,Low chance of precipitation,1024,13,55,09:00,1,Moderate,3,Sunny Intervals,A gentle breeze from the west,W,W,Westerly,12,8,2022-07-17T07:00:00+10:00,2022-07-17T09:10:34.332+10:00,2643743
Sunny intervals and a gentle breeze,3,14,57,22,14,73,2022-07-24,14,Low chance of precipitation,1025,14,57,10:00,1,Moderate,3,Sunny Intervals,A gentle breeze from the west south west,WSW,WSW,West South Westerly,13,8,2022-07-17T07:00:00+10:00,2022-07-17T09:10:34.332+10:00,2643743
Sunny intervals and a gentle breeze,3,16,61,24,15,67,2022-07-24,14,Low chance of precipitation,1024,16,60,11:00,1,Moderate,3,Sunny Intervals,A gentle breeze from the west south west,WSW,WSW,West South Westerly,13,8,2022-07-17T07:00:00+10:00,2022-07-17T09:10:34.332+10:00,2643743
Sunny intervals and a gentle breeze,3,17,63,25,16,61,2022-07-24,15,Low chance of precipitation,1024,17,62,12:00,1,Moderate,3,Sunny Intervals,A gentle breeze from the south west,SW,SW,South Westerly,14,9,2022-07-17T07:00:00+10:00,2022-07-17T09:10:34.332+10:00,2643743
Sunny intervals and a gentle breeze,3,18,65,26,16,57,2022-07-24,15,Low chance of precipitation,1023,18,64,13:00,1,Good,3,Sunny Intervals,A gentle breeze from the south,S,S,Southerly,15,9,2022-07-17T07:00:00+10:00,2022-07-17T09:10:34.332+10:00,2643743
Sunny intervals and a gentle breeze,3,19,66,27,17,56,2022-07-24,15,Low chance of precipitation,1023,18,65,14:00,1,Good,3,Sunny Intervals,A gentle breeze from the south south east,SSE,SSE,South South Easterly,15,9,2022-07-17T07:00:00+10:00,2022-07-17T09:10:34.332+10:00,2643743
Sunny intervals and a gentle breeze,3,19,65,26,16,57,2022-07-24,15,Low chance of precipitation,1022,18,64,15:00,1,Good,3,Sunny Intervals,A gentle breeze from the south east,SE,SE,South Easterly,15,10,2022-07-17T07:00:00+10:00,2022-07-17T09:10:34.332+10:00,2643743
Sunny intervals and a gentle breeze,3,18,64,25,15,60,2022-07-24,15,Low chance of precipitation,1022,17,63,16:00,1,Good,3,Sunny Intervals,A gentle breeze from the east south east,ESE,ESE,East South Easterly,15,9,2022-07-17T07:00:00+10:00,2022-07-17T09:10:34.332+10:00,2643743
Sunny intervals and a gentle breeze,3,17,62,23,14,64,2022-07-24,13,Low chance of precipitation,1022,17,62,17:00,1,Good,3,Sunny Intervals,A gentle breeze from the east south east,ESE,ESE,East South Easterly,14,9,2022-07-17T07:00:00+10:00,2022-07-17T09:10:34.332+10:00,2643743
A clear sky and a gentle breeze,0,16,62,21,13,67,2022-07-24,10,Low chance of precipitation,1022,16,61,18:00,1,Good,0,Clear Sky,A gentle breeze from the east south east,ESE,ESE,East South Easterly,12,8,2022-07-17T07:00:00+10:00,2022-07-17T09:10:34.332+10:00,2643743
A clear sky and light winds,0,16,61,21,13,69,2022-07-24,7,Low chance of precipitation,1022,16,60,19:00,1,Good,0,Clear Sky,Light winds from the east south east,ESE,ESE,East South Easterly,12,7,2022-07-17T07:00:00+10:00,2022-07-17T09:10:34.332+10:00,2643743
A clear sky and light winds,0,16,60,20,13,71,2022-07-24,5,Low chance of precipitation,1023,15,59,20:00,1,Good,0,Clear Sky,Light winds from the south east,SE,SE,South Easterly,11,7,2022-07-17T07:00:00+10:00,2022-07-17T09:10:34.332+10:00,2643743
A clear sky and light winds,0,15,59,20,12,72,2022-07-24,2,Low chance of precipitation,1023,15,59,21:00,1,Good,0,Clear Sky,Light winds from the south,S,S,Southerly,11,7,2022-07-17T07:00:00+10:00,2022-07-17T09:10:34.332+10:00,2643743
A clear sky and light winds,0,15,58,20,13,74,2022-07-24,1,Low chance of precipitation,1023,14,58,22:00,1,Moderate,0,Clear Sky,Light winds from the west south west,WSW,WSW,West South Westerly,11,7,2022-07-17T07:00:00+10:00,2022-07-17T09:10:34.332+10:00,2643743
A clear sky and light winds,0,14,57,21,13,75,2022-07-24,0,Precipitation is not expected,1023,14,57,23:00,1,Moderate,0,Clear Sky,Light winds from the west,W,W,Westerly,11,7,2022-07-17T07:00:00+10:00,2022-07-17T09:10:34.332+10:00,2643743
A clear sky and light winds,0,13,56,21,13,77,2022-07-25,1,Low chance of precipitation,1023,13,56,00:00,1,Moderate,0,Clear Sky,Light winds from the west,W,W,Westerly,11,7,2022-07-17T07:00:00+10:00,2022-07-17T09:10:34.332+10:00,2643743
Partly cloudy and light winds,2,13,55,20,13,79,2022-07-25,2,Low chance of precipitation,1023,13,56,01:00,1,Moderate,2,Partly Cloudy,Light winds from the west,W,W,Westerly,11,7,2022-07-17T07:00:00+10:00,2022-07-17T09:10:34.332+10:00,2643743
Partly cloudy and light winds,2,13,55,20,13,80,2022-07-25,3,Low chance of precipitation,1022,13,55,02:00,1,Moderate,2,Partly Cloudy,Light winds from the west,W,W,Westerly,11,7,2022-07-17T07:00:00+10:00,2022-07-17T09:10:34.332+10:00,2643743
Partly cloudy and light winds,2,12,54,21,13,81,2022-07-25,4,Low chance of precipitation,1022,12,54,03:00,1,Moderate,2,Partly Cloudy,Light winds from the west,W,W,Westerly,11,7,2022-07-17T07:00:00+10:00,2022-07-17T09:10:34.332+10:00,2643743
Partly cloudy and light winds,2,12,53,21,13,82,2022-07-25,5,Low chance of precipitation,1022,12,54,04:00,1,Moderate,2,Partly Cloudy,Light winds from the west,W,W,Westerly,11,7,2022-07-17T07:00:00+10:00,2022-07-17T09:10:34.332+10:00,2643743
Partly cloudy and light winds,2,11,52,21,13,83,2022-07-25,5,Low chance of precipitation,1022,12,53,05:00,1,Moderate,2,Partly Cloudy,Light winds from the west,W,W,Westerly,11,7,2022-07-17T07:00:00+10:00,2022-07-17T09:10:34.332+10:00,2643743
Partly cloudy and light winds,2,11,52,22,13,84,2022-07-25,5,Low chance of precipitation,1023,11,53,06:00,1,Moderate,2,Partly Cloudy,Light winds from the west,W,W,Westerly,11,7,2022-07-17T09:10:34+10:00,2022-07-17T09:10:34.332+10:00,2643743
Sunny intervals and light winds,3,11,52,22,14,84,2022-07-25,5,Low chance of precipitation,1023,11,53,07:00,1,Moderate,3,Sunny Intervals,Light winds from the west north west,WNW,WNW,West North Westerly,12,7,2022-07-17T09:10:34+10:00,2022-07-17T09:10:34.332+10:00,2643743
Sunny intervals and a gentle breeze,3,11,53,23,14,83,2022-07-25,4,Low chance of precipitation,1024,12,53,08:00,1,Moderate,3,Sunny Intervals,A gentle breeze from the west north west,WNW,WNW,West North Westerly,12,8,2022-07-17T09:10:34+10:00,2022-07-17T09:10:34.332+10:00,2643743
Sunny intervals and a gentle breeze,3,13,55,23,15,80,2022-07-25,4,Low chance of precipitation,1024,13,55,09:00,1,Moderate,3,Sunny Intervals,A gentle breeze from the west north west,WNW,WNW,West North Westerly,12,8,2022-07-17T09:10:34+10:00,2022-07-17T09:10:34.332+10:00,2643743
Sunny intervals and a gentle breeze,3,14,58,24,15,74,2022-07-25,3,Low chance of precipitation,1024,14,58,10:00,1,Moderate,3,Sunny Intervals,A gentle breeze from the west,W,W,Westerly,13,8,2022-07-17T09:10:34+10:00,2022-07-17T09:10:34.332+10:00,2643743
Sunny intervals and a gentle breeze,3,16,61,25,15,68,2022-07-25,2,Low chance of precipitation,1024,16,60,11:00,1,Moderate,3,Sunny Intervals,A gentle breeze from the west,W,W,Westerly,13,8,2022-07-17T09:10:34+10:00,2022-07-17T09:10:34.332+10:00,2643743
Sunny intervals and a gentle breeze,3,17,63,26,16,62,2022-07-25,2,Low chance of precipitation,1024,17,63,12:00,1,Good,3,Sunny Intervals,A gentle breeze from the west,W,W,Westerly,14,9,2022-07-17T09:10:34+10:00,2022-07-17T09:10:34.332+10:00,2643743
Sunny intervals and a gentle breeze,3,19,66,27,17,58,2022-07-25,1,Low chance of precipitation,1023,18,65,13:00,1,Good,3,Sunny Intervals,A gentle breeze from the west south west,WSW,WSW,West South Westerly,15,9,2022-07-17T09:10:34+10:00,2022-07-17T09:10:34.332+10:00,2643743
Sunny intervals and a gentle breeze,3,19,67,27,17,56,2022-07-25,1,Low chance of precipitation,1023,19,65,14:00,1,Good,3,Sunny Intervals,A gentle breeze from the east south east,ESE,ESE,East South Easterly,15,9,2022-07-17T09:10:34+10:00,2022-07-17T09:10:34.332+10:00,2643743
Sunny intervals and a gentle breeze,3,19,66,27,17,57,2022-07-25,0,Precipitation is not expected,1023,18,65,15:00,1,Good,3,Sunny Intervals,A gentle breeze from the east north east,ENE,ENE,East North Easterly,15,9,2022-07-17T09:10:34+10:00,2022-07-17T09:10:34.332+10:00,2643743
Sunny intervals and a gentle breeze,3,18,64,25,16,60,2022-07-25,0,Precipitation is not expected,1022,17,63,16:00,1,Good,3,Sunny Intervals,A gentle breeze from the east north east,ENE,ENE,East North Easterly,15,9,2022-07-17T09:10:34+10:00,2022-07-17T09:10:34.332+10:00,2643743
Sunny and a gentle breeze,1,17,63,23,14,63,2022-07-25,0,Precipitation is not expected,1023,17,62,17:00,1,Good,1,Sunny,A gentle breeze from the north east,NE,NE,North Easterly,14,8,2022-07-17T09:10:34+10:00,2022-07-17T09:10:34.332+10:00,2643743
A clear sky and a gentle breeze,0,17,62,22,14,66,2022-07-25,0,Precipitation is not expected,1023,16,61,18:00,1,Good,0,Clear Sky,A gentle breeze from the north north east,NNE,NNE,North North Easterly,12,8,2022-07-17T09:10:34+10:00,2022-07-17T09:10:34.332+10:00,2643743
A clear sky and light winds,0,16,61,22,14,67,2022-07-25,0,Precipitation is not expected,1023,16,61,19:00,1,Moderate,0,Clear Sky,Light winds from the north,N,N,Northerly,12,7,2022-07-17T09:10:34+10:00,2022-07-17T09:10:34.332+10:00,2643743
A clear sky and light winds,0,16,61,22,13,68,2022-07-25,0,Precipitation is not expected,1024,15,60,20:00,1,Moderate,0,Clear Sky,Light winds from the north north west,NNW,NNW,North North Westerly,12,7,2022-07-17T09:10:34+10:00,2022-07-17T09:10:34.332+10:00,2643743
A clear sky and light winds,0,15,59,21,13,68,2022-07-25,0,Precipitation is not expected,1024,15,59,21:00,1,Moderate,0,Clear Sky,Light winds from the north west,NW,NW,North Westerly,12,7,2022-07-17T09:10:34+10:00,2022-07-17T09:10:34.332+10:00,2643743
A clear sky and light winds,0,15,58,21,13,69,2022-07-25,0,Precipitation is not expected,1024,15,58,22:00,1,Moderate,0,Clear Sky,Light winds from the north west,NW,NW,North Westerly,12,7,2022-07-17T09:10:34+10:00,2022-07-17T09:10:34.332+10:00,2643743
A clear sky and light winds,0,14,57,22,14,71,2022-07-25,0,Precipitation is not expected,1024,14,57,23:00,1,Moderate,0,Clear Sky,Light winds from the west north west,WNW,WNW,West North Westerly,12,7,2022-07-17T09:10:34+10:00,2022-07-17T09:10:34.332+10:00,2643743
A clear sky and light winds,0,13,56,23,14,73,2022-07-26,0,Precipitation is not expected,1024,14,57,00:00,1,Moderate,0,Clear Sky,Light winds from the west north west,WNW,WNW,West North Westerly,12,7,2022-07-17T09:10:34+10:00,2022-07-17T09:10:34.332+10:00,2643743
A clear sky and a gentle breeze,0,13,55,22,14,76,2022-07-26,0,Precipitation is not expected,1024,13,56,01:00,1,Moderate,0,Clear Sky,A gentle breeze from the west north west,WNW,WNW,West North Westerly,12,8,2022-07-17T09:10:34+10:00,2022-07-17T09:10:34.332+10:00,2643743
A clear sky and light winds,0,12,54,22,14,77,2022-07-26,0,Precipitation is not expected,1024,13,55,02:00,1,Moderate,0,Clear Sky,Light winds from the west north west,WNW,WNW,West North Westerly,12,7,2022-07-17T09:10:34+10:00,2022-07-17T09:10:34.332+10:00,2643743
A clear sky and light winds,0,12,54,23,14,79,2022-07-26,0,Precipitation is not expected,1024,12,54,03:00,1,Moderate,0,Clear Sky,Light winds from the west north west,WNW,WNW,West North Westerly,12,7,2022-07-17T09:10:34+10:00,2022-07-17T09:10:34.332+10:00,2643743
A clear sky and a gentle breeze,0,11,53,23,14,80,2022-07-26,0,Precipitation is not expected,1024,12,54,04:00,1,Moderate,0,Clear Sky,A gentle breeze from the west north west,WNW,WNW,West North Westerly,12,8,2022-07-17T09:10:34+10:00,2022-07-17T09:10:34.332+10:00,2643743
A clear sky and a gentle breeze,0,11,52,23,15,81,2022-07-26,0,Precipitation is not expected,1025,12,53,05:00,1,Moderate,0,Clear Sky,A gentle breeze from the west north west,WNW,WNW,West North Westerly,13,8,2022-07-17T09:10:34+10:00,2022-07-17T09:10:34.332+10:00,2643743
A clear sky and a gentle breeze,0,11,51,24,15,82,2022-07-26,0,Precipitation is not expected,1025,11,53,06:00,1,Moderate,0,Clear Sky,A gentle breeze from the west north west,WNW,WNW,West North Westerly,13,8,2022-07-17T09:10:34+10:00,2022-07-17T09:10:34.332+10:00,2643743
Sunny intervals and a gentle breeze,3,11,51,25,15,82,2022-07-26,0,Precipitation is not expected,1025,11,52,07:00,1,Moderate,3,Sunny Intervals,A gentle breeze from the west north west,WNW,WNW,West North Westerly,13,8,2022-07-17T09:10:34+10:00,2022-07-17T09:10:34.332+10:00,2643743
Sunny intervals and a gentle breeze,3,11,52,26,16,80,2022-07-26,0,Precipitation is not expected,1026,12,53,08:00,1,Moderate,3,Sunny Intervals,A gentle breeze from the west north west,WNW,WNW,West North Westerly,14,9,2022-07-17T09:10:34+10:00,2022-07-17T09:10:34.332+10:00,2643743
Sunny intervals and a gentle breeze,3,12,54,27,17,76,2022-07-26,0,Precipitation is not expected,1026,13,55,09:00,1,Moderate,3,Sunny Intervals,A gentle breeze from the west north west,WNW,WNW,West North Westerly,15,9,2022-07-17T09:10:34+10:00,2022-07-17T09:10:34.332+10:00,2643743
Sunny intervals and a gentle breeze,3,13,56,28,17,70,2022-07-26,0,Precipitation is not expected,1026,14,57,10:00,1,Moderate,3,Sunny Intervals,A gentle breeze from the west north west,WNW,WNW,West North Westerly,16,10,2022-07-17T09:10:34+10:00,2022-07-17T09:10:34.332+10:00,2643743
Sunny intervals and a gentle breeze,3,15,59,29,18,64,2022-07-26,0,Precipitation is not expected,1024,15,59,11:00,1,Moderate,3,Sunny Intervals,A gentle breeze from the west,W,W,Westerly,17,10,2022-07-17T09:10:34+10:00,2022-07-17T09:10:34.332+10:00,2643743
Sunny intervals and a gentle breeze,3,17,62,30,19,58,2022-07-26,0,Precipitation is not expected,1022,17,62,12:00,1,Moderate,3,Sunny Intervals,A gentle breeze from the west,W,W,Westerly,18,11,2022-07-17T09:10:34+10:00,2022-07-17T09:10:34.332+10:00,2643743
Sunny intervals and a gentle breeze,3,18,64,31,19,54,2022-07-26,0,Precipitation is not expected,1020,18,64,13:00,1,Moderate,3,Sunny Intervals,A gentle breeze from the west,W,W,Westerly,19,12,2022-07-17T09:10:34+10:00,2022-07-17T09:10:34.332+10:00,2643743
Sunny intervals and a gentle breeze,3,19,65,32,20,52,2022-07-26,0,Precipitation is not expected,1018,18,65,14:00,1,Moderate,3,Sunny Intervals,A gentle breeze from the west north west,WNW,WNW,West North Westerly,19,12,2022-07-17T09:10:34+10:00,2022-07-17T09:10:34.332+10:00,2643743
Sunny intervals and a gentle breeze,3,18,65,32,20,53,2022-07-26,0,Precipitation is not expected,1016,18,65,15:00,1,Moderate,3,Sunny Intervals,A gentle breeze from the west north west,WNW,WNW,West North Westerly,20,12,2022-07-17T09:10:34+10:00,2022-07-17T09:10:34.332+10:00,2643743
Sunny intervals and a gentle breeze,3,17,63,30,19,56,2022-07-26,0,Precipitation is not expected,1014,17,63,16:00,1,Moderate,3,Sunny Intervals,A gentle breeze from the north west,NW,NW,North Westerly,19,12,2022-07-17T09:10:34+10:00,2022-07-17T09:10:34.332+10:00,2643743
Sunny and a gentle breeze,1,17,62,29,18,59,2022-07-26,0,Precipitation is not expected,1014,17,62,17:00,1,Moderate,1,Sunny,A gentle breeze from the north west,NW,NW,North Westerly,18,11,2022-07-17T09:10:34+10:00,2022-07-17T09:10:34.332+10:00,2643743
A clear sky and a gentle breeze,0,16,60,29,18,61,2022-07-26,0,Precipitation is not expected,1015,16,61,18:00,1,Moderate,0,Clear Sky,A gentle breeze from the west north west,WNW,WNW,West North Westerly,17,11,2022-07-17T09:10:34+10:00,2022-07-17T09:10:34.332+10:00,2643743
A clear sky and a gentle breeze,0,15,59,29,18,62,2022-07-26,0,Precipitation is not expected,1015,15,60,19:00,1,Moderate,0,Clear Sky,A gentle breeze from the west north west,WNW,WNW,West North Westerly,17,11,2022-07-17T09:10:34+10:00,2022-07-17T09:10:34.332+10:00,2643743
A clear sky and a gentle breeze,0,15,59,29,18,63,2022-07-26,0,Precipitation is not expected,1016,15,59,20:00,1,Moderate,0,Clear Sky,A gentle breeze from the west,W,W,Westerly,17,10,2022-07-17T09:10:34+10:00,2022-07-17T09:10:34.332+10:00,2643743
A clear sky and a gentle breeze,0,14,57,29,18,63,2022-07-26,0,Precipitation is not expected,1016,15,58,21:00,1,Moderate,0,Clear Sky,A gentle breeze from the west,W,W,Westerly,17,10,2022-07-17T09:10:34+10:00,2022-07-17T09:10:34.332+10:00,2643743
A clear sky and a gentle breeze,0,13,56,29,18,64,2022-07-26,0,Precipitation is not expected,1017,14,57,22:00,1,Moderate,0,Clear Sky,A gentle breeze from the west,W,W,Westerly,17,10,2022-07-17T09:10:34+10:00,2022-07-17T09:10:34.332+10:00,2643743
A clear sky and a gentle breeze,0,13,55,29,18,65,2022-07-26,0,Precipitation is not expected,1017,14,57,23:00,1,Moderate,0,Clear Sky,A gentle breeze from the west,W,W,Westerly,16,10,2022-07-17T09:10:34+10:00,2022-07-17T09:10:34.332+10:00,2643743
A clear sky and a gentle breeze,0,12,54,29,18,66,2022-07-27,0,Precipitation is not expected,1017,13,56,00:00,1,Moderate,0,Clear Sky,A gentle breeze from the west,W,W,Westerly,16,10,2022-07-17T09:10:34+10:00,2022-07-17T09:10:34.332+10:00,2643743
A clear sky and a gentle breeze,0,12,53,28,17,67,2022-07-27,0,Precipitation is not expected,1017,13,55,01:00,1,Moderate,0,Clear Sky,A gentle breeze from the west,W,W,Westerly,16,10,2022-07-17T09:10:34+10:00,2022-07-17T09:10:34.332+10:00,2643743
A clear sky and a gentle breeze,0,11,53,27,17,67,2022-07-27,0,Precipitation is not expected,1017,12,54,02:00,1,Moderate,0,Clear Sky,A gentle breeze from the west,W,W,Westerly,16,10,2022-07-17T09:10:34+10:00,2022-07-17T09:10:34.332+10:00,2643743
A clear sky and a gentle breeze,0,11,52,28,17,68,2022-07-27,0,Precipitation is not expected,1017,12,54,03:00,1,Moderate,0,Clear Sky,A gentle breeze from the west,W,W,Westerly,16,10,2022-07-17T09:10:34+10:00,2022-07-17T09:10:34.332+10:00,2643743
A clear sky and a gentle breeze,0,11,51,28,17,68,2022-07-27,0,Precipitation is not expected,1017,12,53,04:00,1,Moderate,0,Clear Sky,A gentle breeze from the west,W,W,Westerly,16,10,2022-07-17T09:10:34+10:00,2022-07-17T09:10:34.332+10:00,2643743
A clear sky and a gentle breeze,0,10,50,28,18,69,2022-07-27,0,Precipitation is not expected,1017,11,53,05:00,1,Moderate,0,Clear Sky,A gentle breeze from the west,W,W,Westerly,16,10,2022-07-17T09:10:34+10:00,2022-07-17T09:10:34.332+10:00,2643743
A clear sky and a gentle breeze,0,10,50,29,18,70,2022-07-27,0,Precipitation is not expected,1018,11,52,06:00,1,Moderate,0,Clear Sky,A gentle breeze from the west,W,W,Westerly,17,10,2022-07-17T09:10:34+10:00,2022-07-17T09:10:34.332+10:00,2643743
Sunny intervals and a gentle breeze,3,10,49,30,19,70,2022-07-27,0,Precipitation is not expected,1018,11,52,07:00,1,Moderate,3,Sunny Intervals,A gentle breeze from the west,W,W,Westerly,17,11,2022-07-17T09:10:34+10:00,2022-07-17T09:10:34.332+10:00,2643743
Sunny intervals and a gentle breeze,3,10,50,32,20,69,2022-07-27,0,Precipitation is not expected,1019,11,53,08:00,1,Moderate,3,Sunny Intervals,A gentle breeze from the west,W,W,Westerly,18,11,2022-07-17T09:10:34+10:00,2022-07-17T09:10:34.332+10:00,2643743
Sunny and a gentle breeze,1,11,51,34,21,66,2022-07-27,0,Precipitation is not expected,1019,12,54,09:00,1,Moderate,1,Sunny,A gentle breeze from the west,W,W,Westerly,19,12,2022-07-17T09:10:34+10:00,2022-07-17T09:10:34.332+10:00,2643743
Sunny and a moderate breeze,1,12,53,34,21,63,2022-07-27,0,Precipitation is not expected,1019,13,56,10:00,1,Moderate,1,Sunny,A moderate breeze from the west,W,W,Westerly,20,13,2022-07-17T09:10:34+10:00,2022-07-17T09:10:34.332+10:00,2643743
Sunny and a moderate breeze,1,13,56,36,22,58,2022-07-27,0,Precipitation is not expected,1019,14,58,11:00,1,Moderate,1,Sunny,A moderate breeze from the west south west,WSW,WSW,West South Westerly,21,13,2022-07-17T09:10:34+10:00,2022-07-17T09:10:34.332+10:00,2643743
Sunny and a moderate breeze,1,15,58,37,23,53,2022-07-27,0,Precipitation is not expected,1019,15,60,12:00,1,Moderate,1,Sunny,A moderate breeze from the west south west,WSW,WSW,West South Westerly,22,14,2022-07-17T09:10:34+10:00,2022-07-17T09:10:34.332+10:00,2643743
Sunny and a moderate breeze,1,16,60,37,23,49,2022-07-27,0,Precipitation is not expected,1019,17,62,13:00,1,Moderate,1,Sunny,A moderate breeze from the west south west,WSW,WSW,West South Westerly,23,14,2022-07-17T09:10:34+10:00,2022-07-17T09:10:34.332+10:00,2643743
Sunny and a moderate breeze,1,16,61,37,23,48,2022-07-27,0,Precipitation is not expected,1018,17,63,14:00,1,Moderate,1,Sunny,A moderate breeze from the south west,SW,SW,South Westerly,23,15,2022-07-17T09:10:34+10:00,2022-07-17T09:10:34.332+10:00,2643743
Sunny and a moderate breeze,1,16,61,36,23,49,2022-07-27,0,Precipitation is not expected,1018,17,62,15:00,1,Moderate,1,Sunny,A moderate breeze from the south west,SW,SW,South Westerly,23,15,2022-07-17T09:10:34+10:00,2022-07-17T09:10:34.332+10:00,2643743
Sunny and a moderate breeze,1,15,59,34,21,52,2022-07-27,0,Precipitation is not expected,1018,16,60,16:00,1,Moderate,1,Sunny,A moderate breeze from the south west,SW,SW,South Westerly,23,14,2022-07-17T09:10:34+10:00,2022-07-17T09:10:34.332+10:00,2643743
Sunny and a moderate breeze,1,14,57,33,20,56,2022-07-27,0,Precipitation is not expected,1019,15,59,17:00,1,Moderate,1,Sunny,A moderate breeze from the south west,SW,SW,South Westerly,21,13,2022-07-17T09:10:34+10:00,2022-07-17T09:10:34.332+10:00,2643743
A clear sky and a gentle breeze,0,13,56,32,20,58,2022-07-27,0,Precipitation is not expected,1019,14,58,18:00,1,Moderate,0,Clear Sky,A gentle breeze from the south west,SW,SW,South Westerly,20,12,2022-07-17T09:10:34+10:00,2022-07-17T09:10:34.332+10:00,2643743
A clear sky and a gentle breeze,0,13,55,32,20,60,2022-07-27,0,Precipitation is not expected,1020,14,57,19:00,1,Moderate,0,Clear Sky,A gentle breeze from the west south west,WSW,WSW,West South Westerly,19,12,2022-07-17T09:10:34+10:00,2022-07-17T09:10:34.332+10:00,2643743
A clear sky and a gentle breeze,0,13,54,31,19,61,2022-07-27,0,Precipitation is not expected,1020,13,56,20:00,1,Moderate,0,Clear Sky,A gentle breeze from the west south west,WSW,WSW,West South Westerly,19,12,2022-07-17T09:10:34+10:00,2022-07-17T09:10:34.332+10:00,2643743
A clear sky and a gentle breeze,0,12,53,31,19,62,2022-07-27,0,Precipitation is not expected,1021,13,55,21:00,1,Moderate,0,Clear Sky,A gentle breeze from the west south west,WSW,WSW,West South Westerly,18,11,2022-07-17T09:10:34+10:00,2022-07-17T09:10:34.332+10:00,2643743
A clear sky and a gentle breeze,0,11,52,30,19,64,2022-07-27,0,Precipitation is not expected,1021,13,55,22:00,1,Moderate,0,Clear Sky,A gentle breeze from the west south west,WSW,WSW,West South Westerly,17,11,2022-07-17T09:10:34+10:00,2022-07-17T09:10:34.332+10:00,2643743
A clear sky and a gentle breeze,0,11,51,30,19,65,2022-07-27,0,Precipitation is not expected,1021,12,54,23:00,1,Moderate,0,Clear Sky,A gentle breeze from the west south west,WSW,WSW,West South Westerly,17,11,2022-07-17T09:10:34+10:00,2022-07-17T09:10:34.332+10:00,2643743
A clear sky and a gentle breeze,0,10,50,30,19,66,2022-07-28,0,Precipitation is not expected,1021,12,53,00:00,1,Moderate,0,Clear Sky,A gentle breeze from the west south west,WSW,WSW,West South Westerly,17,11,2022-07-17T09:10:34+10:00,2022-07-17T09:10:34.332+10:00,2643743
A clear sky and a gentle breeze,0,10,49,29,18,67,2022-07-28,0,Precipitation is not expected,1021,11,52,01:00,1,Moderate,0,Clear Sky,A gentle breeze from the west south west,WSW,WSW,West South Westerly,17,11,2022-07-17T09:10:34+10:00,2022-07-17T09:10:34.332+10:00,2643743
Partly cloudy and a gentle breeze,2,9,49,29,18,68,2022-07-28,0,Precipitation is not expected,1021,11,51,02:00,1,Moderate,2,Partly Cloudy,A gentle breeze from the west south west,WSW,WSW,West South Westerly,17,11,2022-07-17T09:10:34+10:00,2022-07-17T09:10:34.332+10:00,2643743
Partly cloudy and a gentle breeze,2,9,48,29,18,69,2022-07-28,0,Precipitation is not expected,1020,11,51,03:00,1,Moderate,2,Partly Cloudy,A gentle breeze from the west,W,W,Westerly,17,10,2022-07-17T09:10:34+10:00,2022-07-17T09:10:34.332+10:00,2643743
Partly cloudy and a gentle breeze,2,8,47,29,18,69,2022-07-28,0,Precipitation is not expected,1020,10,50,04:00,1,Moderate,2,Partly Cloudy,A gentle breeze from the west south west,WSW,WSW,West South Westerly,17,11,2022-07-17T09:10:34+10:00,2022-07-17T09:10:34.332+10:00,2643743
Partly cloudy and a gentle breeze,2,8,46,29,18,70,2022-07-28,0,Precipitation is not expected,1021,10,50,05:00,1,Moderate,2,Partly Cloudy,A gentle breeze from the west south west,WSW,WSW,West South Westerly,17,11,2022-07-17T09:10:34+10:00,2022-07-17T09:10:34.332+10:00,2643743
Partly cloudy and a gentle breeze,2,8,46,30,19,71,2022-07-28,0,Precipitation is not expected,1021,10,49,06:00,1,Moderate,2,Partly Cloudy,A gentle breeze from the west,W,W,Westerly,18,11,2022-07-17T09:10:34+10:00,2022-07-17T09:10:34.332+10:00,2643743
Sunny intervals and a gentle breeze,3,8,46,32,20,71,2022-07-28,0,Precipitation is not expected,1022,10,49,07:00,1,Moderate,3,Sunny Intervals,A gentle breeze from the west,W,W,Westerly,18,11,2022-07-17T09:10:34+10:00,2022-07-17T09:10:34.332+10:00,2643743
Sunny intervals and a gentle breeze,3,8,47,33,20,69,2022-07-28,0,Precipitation is not expected,1022,10,51,08:00,1,Moderate,3,Sunny Intervals,A gentle breeze from the west south west,WSW,WSW,West South Westerly,19,12,2022-07-17T09:10:34+10:00,2022-07-17T09:10:34.332+10:00,2643743
Sunny intervals and a gentle breeze,3,9,49,34,21,66,2022-07-28,0,Precipitation is not expected,1023,11,52,09:00,1,Moderate,3,Sunny Intervals,A gentle breeze from the west south west,WSW,WSW,West South Westerly,20,12,2022-07-17T09:10:34+10:00,2022-07-17T09:10:34.332+10:00,2643743
Sunny intervals and a moderate breeze,3,11,52,34,21,62,2022-07-28,0,Precipitation is not expected,1023,13,55,10:00,1,Moderate,3,Sunny Intervals,A moderate breeze from the west south west,WSW,WSW,West South Westerly,21,13,2022-07-17T09:10:34+10:00,2022-07-17T09:10:34.332+10:00,2643743
Sunny intervals and a moderate breeze,3,13,55,35,22,58,2022-07-28,0,Precipitation is not expected,1023,14,57,11:00,1,Moderate,3,Sunny Intervals,A moderate breeze from the west south west,WSW,WSW,West South Westerly,21,13,2022-07-17T09:10:34+10:00,2022-07-17T09:10:34.332+10:00,2643743
Sunny intervals and a moderate breeze,3,14,57,35,22,53,2022-07-28,0,Precipitation is not expected,1022,15,59,12:00,1,Moderate,3,Sunny Intervals,A moderate breeze from the south west,SW,SW,South Westerly,21,13,2022-07-17T09:10:34+10:00,2022-07-17T09:10:34.332+10:00,2643743
Sunny intervals and a moderate breeze,3,15,59,34,21,50,2022-07-28,0,Precipitation is not expected,1022,16,61,13:00,1,Moderate,3,Sunny Intervals,A moderate breeze from the south west,SW,SW,South Westerly,22,13,2022-07-17T09:10:34+10:00,2022-07-17T09:10:34.332+10:00,2643743
Sunny intervals and a moderate breeze,3,16,60,34,21,49,2022-07-28,0,Precipitation is not expected,1022,17,62,14:00,1,Moderate,3,Sunny Intervals,A moderate breeze from the south west,SW,SW,South Westerly,21,13,2022-07-17T09:10:34+10:00,2022-07-17T09:10:34.332+10:00,2643743
Sunny intervals and a moderate breeze,3,15,60,33,20,50,2022-07-28,0,Precipitation is not expected,1022,16,61,15:00,1,Moderate,3,Sunny Intervals,A moderate breeze from the south south west,SSW,SSW,South South Westerly,21,13,2022-07-17T09:10:34+10:00,2022-07-17T09:10:34.332+10:00,2643743
Sunny intervals and a gentle breeze,3,15,58,31,19,53,2022-07-28,0,Precipitation is not expected,1021,15,60,16:00,1,Moderate,3,Sunny Intervals,A gentle breeze from the south south west,SSW,SSW,South South Westerly,20,12,2022-07-17T09:10:34+10:00,2022-07-17T09:10:34.332+10:00,2643743
Sunny intervals and a gentle breeze,3,14,57,29,18,57,2022-07-28,0,Precipitation is not expected,1022,15,58,17:00,1,Moderate,3,Sunny Intervals,A gentle breeze from the south south west,SSW,SSW,South South Westerly,19,12,2022-07-17T09:10:34+10:00,2022-07-17T09:10:34.332+10:00,2643743
Partly cloudy and a gentle breeze,2,13,56,29,18,60,2022-07-28,0,Precipitation is not expected,1022,14,57,18:00,1,Moderate,2,Partly Cloudy,A gentle breeze from the south west,SW,SW,South Westerly,18,11,2022-07-17T09:10:34+10:00,2022-07-17T09:10:34.332+10:00,2643743
Partly cloudy and a gentle breeze,2,13,55,30,19,62,2022-07-28,0,Precipitation is not expected,1023,14,57,19:00,1,Moderate,2,Partly Cloudy,A gentle breeze from the south west,SW,SW,South Westerly,17,11,2022-07-17T09:10:34+10:00,2022-07-17T09:10:34.332+10:00,2643743
Partly cloudy and a gentle breeze,2,12,54,30,19,63,2022-07-28,0,Precipitation is not expected,1023,13,56,20:00,1,Moderate,2,Partly Cloudy,A gentle breeze from the south west,SW,SW,South Westerly,17,11,2022-07-17T09:10:34+10:00,2022-07-17T09:10:34.332+10:00,2643743
Partly cloudy and a gentle breeze,2,12,53,30,18,65,2022-07-28,0,Precipitation is not expected,1024,13,55,21:00,1,Moderate,2,Partly Cloudy,A gentle breeze from the south west,SW,SW,South Westerly,17,11,2022-07-17T09:10:34+10:00,2022-07-17T09:10:34.332+10:00,2643743
Partly cloudy and a gentle breeze,2,11,52,29,18,67,2022-07-28,0,Precipitation is not expected,1024,12,54,22:00,1,Moderate,2,Partly Cloudy,A gentle breeze from the west south west,WSW,WSW,West South Westerly,17,11,2022-07-17T09:10:34+10:00,2022-07-17T09:10:34.332+10:00,2643743
Partly cloudy and a gentle breeze,2,11,51,29,18,68,2022-07-28,0,Precipitation is not expected,1024,12,53,23:00,1,Moderate,2,Partly Cloudy,A gentle breeze from the west south west,WSW,WSW,West South Westerly,17,11,2022-07-17T09:10:34+10:00,2022-07-17T09:10:34.332+10:00,2643743
Partly cloudy and a gentle breeze,2,10,50,29,18,69,2022-07-29,0,Precipitation is not expected,1024,11,53,00:00,1,Moderate,2,Partly Cloudy,A gentle breeze from the west south west,WSW,WSW,West South Westerly,17,10,2022-07-17T09:10:34+10:00,2022-07-17T09:10:34.332+10:00,2643743
Partly cloudy and a gentle breeze,2,10,49,28,17,71,2022-07-29,0,Precipitation is not expected,1024,11,52,01:00,1,Moderate,2,Partly Cloudy,A gentle breeze from the west south west,WSW,WSW,West South Westerly,17,10,2022-07-17T09:10:34+10:00,2022-07-17T09:10:34.332+10:00,2643743
Partly cloudy and a gentle breeze,2,9,49,27,17,71,2022-07-29,0,Precipitation is not expected,1024,11,51,02:00,1,Moderate,2,Partly Cloudy,A gentle breeze from the west south west,WSW,WSW,West South Westerly,16,10,2022-07-17T09:10:34+10:00,2022-07-17T09:10:34.332+10:00,2643743
Partly cloudy and a gentle breeze,2,9,48,27,17,72,2022-07-29,0,Precipitation is not expected,1023,11,51,03:00,1,Moderate,2,Partly Cloudy,A gentle breeze from the west south west,WSW,WSW,West South Westerly,16,10,2022-07-17T09:10:34+10:00,2022-07-17T09:10:34.332+10:00,2643743
Partly cloudy and a gentle breeze,2,9,47,27,17,73,2022-07-29,0,Precipitation is not expected,1023,10,50,04:00,1,Moderate,2,Partly Cloudy,A gentle breeze from the west,W,W,Westerly,16,10,2022-07-17T09:10:34+10:00,2022-07-17T09:10:34.332+10:00,2643743
Partly cloudy and a gentle breeze,2,8,47,28,17,74,2022-07-29,0,Precipitation is not expected,1024,10,50,05:00,1,Moderate,2,Partly Cloudy,A gentle breeze from the west,W,W,Westerly,16,10,2022-07-17T09:10:34+10:00,2022-07-17T09:10:34.332+10:00,2643743
Partly cloudy and a gentle breeze,2,8,46,28,18,75,2022-07-29,0,Precipitation is not expected,1024,10,49,06:00,1,Moderate,2,Partly Cloudy,A gentle breeze from the west,W,W,Westerly,16,10,2022-07-17T09:10:34+10:00,2022-07-17T09:10:34.332+10:00,2643743
Sunny intervals and a gentle breeze,3,8,47,29,18,75,2022-07-29,0,Precipitation is not expected,1024,10,50,07:00,1,Moderate,3,Sunny Intervals,A gentle breeze from the west,W,W,Westerly,17,10,2022-07-17T09:10:34+10:00,2022-07-17T09:10:34.332+10:00,2643743
Sunny intervals and a gentle breeze,3,9,48,29,18,73,2022-07-29,0,Precipitation is not expected,1025,10,51,08:00,1,Moderate,3,Sunny Intervals,A gentle breeze from the west,W,W,Westerly,17,11,2022-07-17T09:10:34+10:00,2022-07-17T09:10:34.332+10:00,2643743
Sunny intervals and a gentle breeze,3,10,50,30,19,70,2022-07-29,0,Precipitation is not expected,1025,11,53,09:00,1,Moderate,3,Sunny Intervals,A gentle breeze from the west south west,WSW,WSW,West South Westerly,17,11,2022-07-17T09:10:34+10:00,2022-07-17T09:10:34.332+10:00,2643743
Sunny intervals and a gentle breeze,3,12,53,31,19,66,2022-07-29,0,Precipitation is not expected,1025,13,55,10:00,1,Moderate,3,Sunny Intervals,A gentle breeze from the west south west,WSW,WSW,West South Westerly,18,11,2022-07-17T09:10:34+10:00,2022-07-17T09:10:34.332+10:00,2643743
Sunny intervals and a gentle breeze,3,13,56,31,19,61,2022-07-29,0,Precipitation is not expected,1025,14,57,11:00,1,Moderate,3,Sunny Intervals,A gentle breeze from the south west,SW,SW,South Westerly,18,11,2022-07-17T09:10:34+10:00,2022-07-17T09:10:34.332+10:00,2643743
Sunny intervals and a gentle breeze,3,15,58,32,20,57,2022-07-29,0,Precipitation is not expected,1025,15,59,12:00,1,Moderate,3,Sunny Intervals,A gentle breeze from the south west,SW,SW,South Westerly,19,12,2022-07-17T09:10:34+10:00,2022-07-17T09:10:34.332+10:00,2643743
Sunny intervals and a gentle breeze,3,16,60,31,19,53,2022-07-29,0,Precipitation is not expected,1024,16,61,13:00,1,Moderate,3,Sunny Intervals,A gentle breeze from the south west,SW,SW,South Westerly,19,12,2022-07-17T09:10:34+10:00,2022-07-17T09:10:34.332+10:00,2643743
Sunny intervals and a gentle breeze,3,16,61,31,19,52,2022-07-29,0,Precipitation is not expected,1024,17,62,14:00,1,Moderate,3,Sunny Intervals,A gentle breeze from the south south west,SSW,SSW,South South Westerly,19,12,2022-07-17T09:10:34+10:00,2022-07-17T09:10:34.332+10:00,2643743
Sunny intervals and a gentle breeze,3,16,61,30,19,53,2022-07-29,0,Precipitation is not expected,1024,16,61,15:00,1,Moderate,3,Sunny Intervals,A gentle breeze from the south south west,SSW,SSW,South South Westerly,19,12,2022-07-17T09:10:34+10:00,2022-07-17T09:10:34.332+10:00,2643743
Sunny intervals and a gentle breeze,3,15,59,28,17,56,2022-07-29,0,Precipitation is not expected,1023,16,60,16:00,1,Moderate,3,Sunny Intervals,A gentle breeze from the south south west,SSW,SSW,South South Westerly,18,11,2022-07-17T09:10:34+10:00,2022-07-17T09:10:34.332+10:00,2643743
Sunny intervals and a gentle breeze,3,14,58,26,16,60,2022-07-29,0,Precipitation is not expected,1024,15,59,17:00,1,Moderate,3,Sunny Intervals,A gentle breeze from the south south west,SSW,SSW,South South Westerly,17,11,2022-07-17T09:10:34+10:00,2022-07-17T09:10:34.332+10:00,2643743
Partly cloudy and a gentle breeze,2,14,57,26,16,63,2022-07-29,0,Precipitation is not expected,1024,14,58,18:00,1,Moderate,2,Partly Cloudy,A gentle breeze from the south south west,SSW,SSW,South South Westerly,16,10,2022-07-17T09:10:34+10:00,2022-07-17T09:10:34.332+10:00,2643743
Partly cloudy and a gentle breeze,2,13,56,26,16,65,2022-07-29,0,Precipitation is not expected,1024,14,57,19:00,1,Moderate,2,Partly Cloudy,A gentle breeze from the south west,SW,SW,South Westerly,15,10,2022-07-17T09:10:34+10:00,2022-07-17T09:10:34.332+10:00,2643743
Partly cloudy and a gentle breeze,2,13,55,25,16,67,2022-07-29,0,Precipitation is not expected,1025,14,57,20:00,1,Moderate,2,Partly Cloudy,A gentle breeze from the south west,SW,SW,South Westerly,15,9,2022-07-17T09:10:34+10:00,2022-07-17T09:10:34.332+10:00,2643743
A clear sky and a gentle breeze,0,13,55,25,16,68,2022-07-29,0,Precipitation is not expected,1025,13,56,21:00,1,Moderate,0,Clear Sky,A gentle breeze from the west south west,WSW,WSW,West South Westerly,15,9,2022-07-17T09:10:34+10:00,2022-07-17T09:10:34.332+10:00,2643743
A clear sky and a gentle breeze,0,12,53,25,16,70,2022-07-29,0,Precipitation is not expected,1025,13,55,22:00,1,Moderate,0,Clear Sky,A gentle breeze from the west south west,WSW,WSW,West South Westerly,15,9,2022-07-17T09:10:34+10:00,2022-07-17T09:10:34.332+10:00,2643743
A clear sky and a gentle breeze,0,11,53,26,16,71,2022-07-29,0,Precipitation is not expected,1025,12,54,23:00,1,Moderate,0,Clear Sky,A gentle breeze from the west,W,W,Westerly,15,9,2022-07-17T09:10:34+10:00,2022-07-17T09:10:34.332+10:00,2643743
A clear sky and a gentle breeze,0,11,52,26,16,72,2022-07-30,0,Precipitation is not expected,1025,12,53,00:00,1,Moderate,0,Clear Sky,A gentle breeze from the west,W,W,Westerly,15,9,2022-07-17T09:10:34+10:00,2022-07-17T09:10:34.332+10:00,2643743
Partly cloudy and a gentle breeze,2,10,51,26,16,73,2022-07-30,0,Precipitation is not expected,1025,11,53,01:00,1,Moderate,2,Partly Cloudy,A gentle breeze from the west,W,W,Westerly,15,9,2022-07-17T09:10:34+10:00,2022-07-17T09:10:34.332+10:00,2643743
Partly cloudy and a gentle breeze,2,10,50,25,16,74,2022-07-30,0,Precipitation is not expected,1024,11,52,02:00,1,Moderate,2,Partly Cloudy,A gentle breeze from the west,W,W,Westerly,14,9,2022-07-17T09:10:34+10:00,2022-07-17T09:10:34.332+10:00,2643743
Partly cloudy and a gentle breeze,2,9,49,26,16,74,2022-07-30,0,Precipitation is not expected,1024,11,51,03:00,1,Moderate,2,Partly Cloudy,A gentle breeze from the west,W,W,Westerly,14,9,2022-07-17T09:10:34+10:00,2022-07-17T09:10:34.332+10:00,2643743
Partly cloudy and a gentle breeze,2,9,49,26,16,75,2022-07-30,0,Precipitation is not expected,1024,11,51,04:00,1,Moderate,2,Partly Cloudy,A gentle breeze from the west,W,W,Westerly,15,9,2022-07-17T09:10:34+10:00,2022-07-17T09:10:34.332+10:00,2643743
Partly cloudy and a gentle breeze,2,9,48,26,16,76,2022-07-30,0,Precipitation is not expected,1024,10,51,05:00,1,Moderate,2,Partly Cloudy,A gentle breeze from the west,W,W,Westerly,15,9,2022-07-17T09:10:34+10:00,2022-07-17T09:10:34.332+10:00,2643743
Partly cloudy and a gentle breeze,2,9,47,26,16,77,2022-07-30,0,Precipitation is not expected,1024,10,50,06:00,1,Moderate,2,Partly Cloudy,A gentle breeze from the west,W,W,Westerly,15,9,2022-07-17T09:10:34+10:00,2022-07-17T09:10:34.332+10:00,2643743
Sunny intervals and a gentle breeze,3,9,47,27,17,77,2022-07-30,0,Precipitation is not expected,1024,10,50,07:00,1,Moderate,3,Sunny Intervals,A gentle breeze from the west,W,W,Westerly,15,9,2022-07-17T09:10:34+10:00,2022-07-17T09:10:34.332+10:00,2643743
Sunny intervals and a gentle breeze,3,9,49,28,17,75,2022-07-30,0,Precipitation is not expected,1025,11,51,08:00,1,Moderate,3,Sunny Intervals,A gentle breeze from the west,W,W,Westerly,16,10,2022-07-17T09:10:34+10:00,2022-07-17T09:10:34.332+10:00,2643743
Sunny intervals and a gentle breeze,3,10,51,29,18,72,2022-07-30,0,Precipitation is not expected,1025,11,53,09:00,1,Moderate,3,Sunny Intervals,A gentle breeze from the west,W,W,Westerly,16,10,2022-07-17T09:10:34+10:00,2022-07-17T09:10:34.332+10:00,2643743
Sunny intervals and a gentle breeze,3,12,53,29,18,68,2022-07-30,0,Precipitation is not expected,1025,13,55,10:00,1,Moderate,3,Sunny Intervals,A gentle breeze from the west,W,W,Westerly,17,11,2022-07-17T09:10:34+10:00,2022-07-17T09:10:34.332+10:00,2643743
Sunny intervals and a gentle breeze,3,13,56,31,19,63,2022-07-30,0,Precipitation is not expected,1024,14,57,11:00,1,Moderate,3,Sunny Intervals,A gentle breeze from the west,W,W,Westerly,18,11,2022-07-17T09:10:34+10:00,2022-07-17T09:10:34.332+10:00,2643743
Sunny intervals and a gentle breeze,3,15,59,32,20,58,2022-07-30,0,Precipitation is not expected,1023,15,59,12:00,1,Good,3,Sunny Intervals,A gentle breeze from the west south west,WSW,WSW,West South Westerly,19,12,2022-07-17T09:10:34+10:00,2022-07-17T09:10:34.332+10:00,2643743
Sunny intervals and a gentle breeze,3,16,61,33,21,54,2022-07-30,0,Precipitation is not expected,1022,16,61,13:00,1,Good,3,Sunny Intervals,A gentle breeze from the west south west,WSW,WSW,West South Westerly,20,12,2022-07-17T09:10:34+10:00,2022-07-17T09:10:34.332+10:00,2643743
Sunny intervals and a moderate breeze,3,16,61,33,21,53,2022-07-30,0,Precipitation is not expected,1022,17,62,14:00,1,Good,3,Sunny Intervals,A moderate breeze from the west south west,WSW,WSW,West South Westerly,20,13,2022-07-17T09:10:34+10:00,2022-07-17T09:10:34.332+10:00,2643743
Sunny intervals and a moderate breeze,3,16,61,33,20,54,2022-07-30,0,Precipitation is not expected,1021,17,62,15:00,1,Good,3,Sunny Intervals,A moderate breeze from the west south west,WSW,WSW,West South Westerly,20,13,2022-07-17T09:10:34+10:00,2022-07-17T09:10:34.332+10:00,2643743
Sunny intervals and a gentle breeze,3,15,59,31,19,57,2022-07-30,0,Precipitation is not expected,1020,16,60,16:00,1,Good,3,Sunny Intervals,A gentle breeze from the west south west,WSW,WSW,West South Westerly,20,12,2022-07-17T09:10:34+10:00,2022-07-17T09:10:34.332+10:00,2643743
Sunny and a gentle breeze,1,14,58,29,18,61,2022-07-30,0,Precipitation is not expected,1020,15,59,17:00,1,Good,1,Sunny,A gentle breeze from the west,W,W,Westerly,19,12,2022-07-17T09:10:34+10:00,2022-07-17T09:10:34.332+10:00,2643743
A clear sky and a gentle breeze,0,14,57,28,17,64,2022-07-30,0,Precipitation is not expected,1020,14,58,18:00,1,Moderate,0,Clear Sky,A gentle breeze from the west,W,W,Westerly,17,11,2022-07-17T09:10:34+10:00,2022-07-17T09:10:34.332+10:00,2643743
A clear sky and a gentle breeze,0,14,56,27,17,65,2022-07-30,0,Precipitation is not expected,1021,14,57,19:00,1,Moderate,0,Clear Sky,A gentle breeze from the west,W,W,Westerly,16,10,2022-07-17T09:10:34+10:00,2022-07-17T09:10:34.332+10:00,2643743
A clear sky and a gentle breeze,0,13,56,27,17,67,2022-07-30,0,Precipitation is not expected,1021,14,57,20:00,1,Moderate,0,Clear Sky,A gentle breeze from the west,W,W,Westerly,16,10,2022-07-17T09:10:34+10:00,2022-07-17T09:10:34.332+10:00,2643743
A clear sky and a gentle breeze,0,13,55,26,16,68,2022-07-30,0,Precipitation is not expected,1021,13,56,21:00,1,Moderate,0,Clear Sky,A gentle breeze from the west,W,W,Westerly,15,9,2022-07-17T09:10:34+10:00,2022-07-17T09:10:34.332+10:00,2643743
A clear sky and a gentle breeze,0,12,54,26,16,70,2022-07-30,0,Precipitation is not expected,1021,13,55,22:00,1,Moderate,0,Clear Sky,A gentle breeze from the west,W,W,Westerly,14,9,2022-07-17T09:10:34+10:00,2022-07-17T09:10:34.332+10:00,2643743
A clear sky and a gentle breeze,0,12,53,26,16,71,2022-07-30,0,Precipitation is not expected,1021,12,54,23:00,1,Moderate,0,Clear Sky,A gentle breeze from the west,W,W,Westerly,14,9,2022-07-17T09:10:34+10:00,2022-07-17T09:10:34.332+10:00,2643743
A clear sky and a gentle breeze,0,11,52,26,16,72,2022-07-31,0,Precipitation is not expected,1021,12,54,00:00,1,Moderate,0,Clear Sky,A gentle breeze from the west,W,W,Westerly,14,9,2022-07-17T09:10:34+10:00,2022-07-17T09:10:34.332+10:00,2643743
Partly cloudy and a gentle breeze,2,11,51,25,16,73,2022-07-31,0,Precipitation is not expected,1020,12,53,01:00,1,Moderate,2,Partly Cloudy,A gentle breeze from the west,W,W,Westerly,15,9,2022-07-17T09:10:34+10:00,2022-07-17T09:10:34.332+10:00,2643743
Partly cloudy and a gentle breeze,2,10,50,25,15,73,2022-07-31,0,Precipitation is not expected,1020,11,52,02:00,1,Moderate,2,Partly Cloudy,A gentle breeze from the west,W,W,Westerly,14,9,2022-07-17T09:10:34+10:00,2022-07-17T09:10:34.332+10:00,2643743
Partly cloudy and a gentle breeze,2,10,49,25,16,73,2022-07-31,0,Precipitation is not expected,1019,11,52,03:00,1,Moderate,2,Partly Cloudy,A gentle breeze from the west,W,W,Westerly,14,9,2022-07-17T09:10:34+10:00,2022-07-17T09:10:34.332+10:00,2643743
Partly cloudy and a gentle breeze,2,9,49,25,16,74,2022-07-31,0,Precipitation is not expected,1019,11,51,04:00,1,Moderate,2,Partly Cloudy,A gentle breeze from the west,W,W,Westerly,15,9,2022-07-17T09:10:34+10:00,2022-07-17T09:10:34.332+10:00,2643743
Partly cloudy and a gentle breeze,2,9,48,26,16,75,2022-07-31,0,Precipitation is not expected,1019,10,51,05:00,1,Moderate,2,Partly Cloudy,A gentle breeze from the west,W,W,Westerly,15,9,2022-07-17T09:10:34+10:00,2022-07-17T09:10:34.332+10:00,2643743
